Date,Close/Last,Volume,Open,High,Low
2020-01-02,$94.9005,80718200,$93.75,$94.9005,$93.2075
2020-01-03,$93.7485,75332080,$93.225,$94.3098,$93.225
2020-01-06,$95.144,81313960,$93.00,$95.1845,$93.00
2020-01-07,$95.343,82680200,$95.225,$95.6945,$94.6022
2020-01-08,$94.5985,70239320,$94.902,$95.55,$94.3222
2020-01-09,$95.0525,63499240,$95.4945,$95.891,$94.7902
2020-01-10,$94.158,57139180,$95.2685,$95.347,$94.00
2020-01-13,$94.565,55716880,$94.5655,$94.90,$94.04
2020-01-14,$93.472,68927620,$94.294,$94.3555,$92.9275
2020-01-15,$93.101,57931840,$93.6125,$93.943,$92.7545
2020-01-16,$93.897,53189860,$94.1495,$94.2795,$93.301
2020-01-17,$93.236,79946800,$94.2945,$94.332,$92.8625
2020-01-21,$94.60,74155700,$93.25,$94.7135,$93.00
2020-01-22,$94.373,64325140,$94.8045,$95.125,$94.167
2020-01-23,$94.229,49692260,$94.2555,$94.4988,$93.638
2020-01-24,$93.082,75323620,$94.5685,$94.7495,$92.372
2020-01-27,$91.417,70570180,$91.00,$92.05,$90.767
2020-01-28,$92.6625,56160800,$92.025,$92.9055,$91.501
2020-01-29,$92.90,42027800,$93.20,$93.7375,$92.751
2020-01-30,$93.534,126548760,$92.90,$93.6435,$92.5305
2020-01-31,$100.436,311345600,$102.5735,$102.786,$100.1135
2020-02-03,$100.21,117981880,$100.53,$102.425,$100.0125
2020-02-04,$102.4835,105786760,$101.494,$102.99,$100.7685
2020-02-05,$101.9935,87523480,$103.551,$103.551,$101.60
2020-02-06,$102.5115,63659080,$102.051,$102.815,$101.24
2020-02-07,$103.964,101906940,$102.0995,$104.9265,$101.905
2020-02-10,$106.6955,101124700,$104.2505,$106.78,$104.248
2020-02-11,$107.54,114920220,$107.545,$109.2975,$106.80
2020-02-12,$108.00,66685280,$108.16,$109.0125,$107.7645
2020-02-13,$107.4935,60635820,$107.2495,$108.514,$107.10
2020-02-14,$106.7435,52123380,$107.784,$107.9518,$106.2945
2020-02-18,$107.7835,59021400,$106.251,$108.3035,$106.2053
2020-02-19,$108.511,51223300,$108.39,$109.255,$108.056
2020-02-20,$107.655,62626840,$108.6535,$108.8395,$106.3725
2020-02-21,$104.7985,93014800,$107.1075,$107.2275,$104.40
2020-02-24,$100.4645,130939940,$100.159,$101.9648,$99.3987
2020-02-25,$98.637,124381880,$101.321,$101.73,$97.921
2020-02-26,$98.9795,104808040,$98.514,$100.7335,$98.0225
2020-02-27,$94.215,162879860,$96.719,$98.75,$94.1381
2020-02-28,$94.1875,189875940,$90.7315,$94.488,$90.5564
2020-03-02,$97.6975,135233020,$95.3245,$97.7255,$93.50
2020-03-03,$95.4495,150689820,$98.7685,$99.8165,$94.4045
2020-03-04,$98.7915,95458380,$97.3285,$98.90,$96.10
2020-03-05,$96.2015,94964200,$96.65,$98.036,$95.50
2020-03-06,$95.0545,105471600,$93.75,$95.5435,$93.475
2020-03-09,$90.0305,156264640,$88.693,$93.1385,$88.0645
2020-03-10,$94.591,142666200,$93.544,$94.7135,$90.9085
2020-03-11,$91.043,112936620,$92.8925,$93.566,$90.075
2020-03-12,$83.8305,226924200,$86.099,$88.25,$83.75
2020-03-13,$89.25,176194500,$87.75,$89.3155,$84.031
2020-03-16,$84.4575,178345300,$82.0755,$87.9726,$81.3016
2020-03-17,$90.392,218342600,$88.7735,$92.8888,$84.462
2020-03-18,$91.50,192904360,$87.50,$92.083,$87.25
2020-03-19,$94.0465,207998800,$93.00,$97.25,$91.6325
2020-03-20,$92.3045,196357000,$96.3155,$97.85,$91.0365
2020-03-23,$95.1415,156169780,$91.3875,$95.97,$90.60
2020-03-24,$97.005,142941600,$97.5747,$97.75,$95.017
2020-03-25,$94.292,129581460,$96.0345,$97.513,$94.289
2020-03-26,$97.7745,124702360,$95.10,$97.8245,$94.4645
2020-03-27,$95.005,107757940,$96.543,$96.9895,$94.996
2020-03-30,$98.1975,122521740,$96.1415,$98.6815,$95.617
2020-03-31,$97.486,102472520,$98.2175,$99.651,$97.2005
2020-04-01,$95.385,82437500,$96.6485,$97.248,$94.65
2020-04-02,$95.9415,86719700,$95.082,$96.3763,$94.50
2020-04-03,$95.3295,72197400,$95.5575,$96.3165,$94.4575
2020-04-06,$99.8795,115463620,$96.80,$99.926,$96.501
2020-04-07,$100.58,102279660,$100.8555,$101.786,$99.881
2020-04-08,$102.15,79546260,$101.05,$102.20,$100.5575
2020-04-09,$102.138,93112340,$102.215,$102.65,$100.883
2020-04-13,$108.4435,134334180,$102.00,$109.00,$101.90
2020-04-14,$114.166,161743860,$110.0235,$114.60,$109.3105
2020-04-15,$115.384,137331340,$112.884,$116.6685,$112.25
2020-04-16,$120.4095,240764000,$117.30,$123.0499,$116.75
2020-04-17,$118.75,158600200,$118.6165,$120.00,$115.801
2020-04-20,$119.6805,115413880,$119.4975,$122.249,$119.3025
2020-04-21,$116.406,149533580,$120.8305,$121.4155,$113.983
2020-04-22,$118.1745,84365900,$118.45,$119.70,$117.55
2020-04-23,$119.9725,101331040,$119.999,$121.211,$119.104
2020-04-24,$120.511,76635940,$120.85,$121.0217,$119.10
2020-04-27,$118.80,112912900,$122.16,$122.244,$118.15
2020-04-28,$115.704,105388920,$118.605,$118.675,$115.30
2020-04-29,$118.6355,91831860,$116.5005,$119.5945,$115.50
2020-04-30,$123.70,190692220,$120.992,$123.75,$119.8005
2020-05-01,$114.302,195452100,$116.84,$118.122,$112.9095
2020-05-04,$115.7995,97318520,$112.819,$116.349,$112.819
2020-05-05,$115.89,64849920,$117.00,$117.55,$115.3563
2020-05-06,$117.563,62356280,$116.472,$117.8725,$116.00
2020-05-07,$118.3805,67928220,$118.739,$118.80,$117.1555
2020-05-08,$118.9805,64224560,$118.607,$119.3622,$117.85
2020-05-11,$120.45,65184620,$118.735,$120.9833,$118.6055
2020-05-12,$117.8475,61498320,$120.5925,$120.95,$117.75
2020-05-13,$118.396,95658380,$118.34,$120.385,$116.8902
2020-05-14,$119.4425,72962560,$118.0505,$119.5685,$117.6605
2020-05-15,$120.489,84699020,$118.426,$120.55,$117.8185
2020-05-18,$121.313,87331440,$120.2173,$121.65,$119.2005
2020-05-19,$122.4665,86409960,$121.4915,$124.2498,$121.4485
2020-05-20,$124.897,79962860,$123.8935,$125.0005,$123.3635
2020-05-21,$122.337,102288060,$125.00,$126.2725,$122.127
2020-05-22,$121.844,57341580,$122.7505,$123.4925,$121.5065
2020-05-26,$121.093,71363060,$122.90,$123.10,$120.703
2020-05-27,$120.5195,101138900,$120.2495,$120.679,$116.50
2020-05-28,$120.055,63862720,$119.2165,$121.8485,$118.9115
2020-05-29,$122.1185,70586580,$120.797,$122.1185,$119.9099
2020-06-01,$123.552,58760640,$122.40,$123.8465,$122.2085
2020-06-02,$123.6205,50598060,$123.35,$123.6765,$122.2655
2020-06-03,$123.92,53420480,$123.4005,$124.40,$123.0585
2020-06-04,$123.03,58974200,$123.8715,$125.377,$122.5005
2020-06-05,$124.15,66128900,$122.2255,$124.4323,$121.8565
2020-06-08,$126.203,79413080,$125.01,$126.50,$124.3668
2020-06-09,$130.043,103519000,$126.472,$131.3215,$126.25
2020-06-10,$132.3725,98920620,$132.25,$136.1175,$131.313
2020-06-11,$127.898,116002140,$130.175,$133.569,$126.8115
2020-06-12,$127.251,108722540,$130.0605,$131.0738,$125.1675
2020-06-15,$128.634,77466700,$126.33,$129.20,$125.40
2020-06-16,$130.7635,71912980,$131.00,$131.00,$128.80
2020-06-17,$132.049,59186320,$132.375,$132.75,$131.591
2020-06-18,$132.699,49755480,$132.3505,$132.982,$131.8055
2020-06-19,$133.7505,115539260,$133.904,$134.8715,$132.95
2020-06-22,$135.691,64175600,$134.225,$135.75,$133.45
2020-06-23,$138.2205,84634140,$136.301,$139.1555,$135.902
2020-06-24,$136.72,90532100,$139.00,$139.80,$136.05
2020-06-25,$137.729,59373140,$136.9775,$137.8115,$135.607
2020-06-26,$134.6435,130015680,$138.7528,$139.1284,$134.40
2020-06-29,$134.019,84468440,$134.5005,$134.84,$131.504
2020-06-30,$137.941,75393720,$134.2533,$138.4815,$133.7515
2020-07-01,$143.935,127268780,$137.8995,$144.75,$137.70
2020-07-02,$144.515,131867740,$145.6005,$147.778,$143.5551
2020-07-06,$152.852,137612840,$146.7485,$152.994,$146.50
2020-07-07,$150.006,105150280,$152.9275,$153.4775,$149.50
2020-07-08,$154.0555,100752700,$151.1305,$154.1985,$150.6215
2020-07-09,$159.1315,127773180,$155.7995,$159.694,$153.7001
2020-07-10,$160.00,109719640,$159.588,$160.75,$156.785
2020-07-13,$155.20,154408400,$162.553,$167.2145,$153.4195
2020-07-14,$154.20,144638660,$154.45,$156.369,$147.50
2020-07-15,$150.4435,115777480,$154.0115,$154.9175,$148.659
2020-07-16,$149.995,127884920,$148.553,$151.60,$145.9115
2020-07-17,$148.0985,95226380,$150.45,$151.20,$147.4225
2020-07-20,$159.842,151963520,$150.01,$160.068,$149.7009
2020-07-21,$156.9145,122699300,$161.6245,$162.0288,$155.286
2020-07-22,$154.9955,82084500,$156.25,$157.50,$153.263
2020-07-23,$149.3275,113138120,$154.9136,$154.9136,$148.50
2020-07-24,$150.4455,112648260,$146.50,$151.579,$144.40
2020-07-27,$152.7605,83409840,$153.10,$154.90,$150.7885
2020-07-28,$150.0165,62533020,$152.7135,$153.8546,$149.788
2020-07-29,$151.6765,59481200,$151.5495,$151.958,$149.8385
2020-07-30,$152.594,122565300,$150.70,$154.60,$150.25
2020-07-31,$158.234,161667380,$162.20,$162.341,$157.55
2020-08-03,$155.5945,101493260,$159.0255,$159.20,$155.20
2020-08-04,$156.9415,93885880,$155.0605,$158.362,$155.0605
2020-08-05,$160.2515,78600500,$157.1885,$160.6793,$156.365
2020-08-06,$161.25,78812040,$159.718,$162.3735,$158.2715
2020-08-07,$158.373,78722540,$161.2005,$162.0405,$157.0336
2020-08-10,$157.408,63345480,$158.5155,$158.6255,$155.076
2020-08-11,$154.0335,74361140,$155.66,$157.961,$153.65
2020-08-12,$158.112,70544580,$155.40,$158.7193,$155.071
2020-08-13,$158.051,62980860,$159.1495,$160.8761,$157.75
2020-08-14,$157.401,55034460,$158.909,$158.9118,$156.00
2020-08-17,$159.1205,53824740,$158.656,$159.7485,$157.7089
2020-08-18,$165.6245,106919480,$160.60,$166.00,$160.2909
2020-08-19,$163.024,83702740,$165.1505,$165.795,$162.80
2020-08-20,$164.8685,66649560,$162.60,$165.631,$161.90
2020-08-21,$164.236,71517240,$164.75,$165.7198,$163.7695
2020-08-24,$165.373,93325160,$165.5075,$169.0158,$162.878
2020-08-25,$167.3245,79856840,$164.7495,$167.87,$163.35
2020-08-26,$172.0925,130174860,$167.5555,$172.5869,$167.2284
2020-08-27,$170.00,85295900,$172.5025,$172.65,$168.90
2020-08-28,$170.09,57939560,$171.15,$171.6685,$169.325
2020-08-31,$172.548,83717700,$170.4495,$174.75,$170.25
2020-09-01,$174.956,69528140,$174.479,$175.6935,$173.35
2020-09-02,$176.5725,78629520,$177.35,$177.6125,$174.3343
2020-09-03,$168.40,163222260,$174.25,$174.4205,$165.15
2020-09-04,$164.731,175635080,$165.90,$169.075,$155.5565
2020-09-08,$157.492,121884100,$157.20,$162.5423,$156.50
2020-09-09,$163.4305,103773500,$160.1495,$165.1588,$159.25
2020-09-10,$158.7555,106614820,$165.361,$167.4945,$158.5275
2020-09-11,$155.811,101879640,$160.4345,$160.867,$154.199
2020-09-14,$155.1485,90591920,$158.6469,$159.3695,$154.80
2020-09-15,$157.8065,80430700,$156.808,$158.751,$155.446
2020-09-16,$153.905,90623780,$158.9995,$159.3619,$153.7075
2020-09-17,$150.4365,128981000,$150.4625,$151.4716,$148.6275
2020-09-18,$147.7455,177851600,$151.587,$151.89,$145.277
2020-09-21,$148.0235,122358500,$145.325,$148.10,$143.55
2020-09-22,$156.4495,138976320,$151.6918,$156.6995,$150.01
2020-09-23,$149.993,113053300,$156.0215,$156.35,$149.6188
2020-09-24,$150.9895,110587840,$148.8895,$153.465,$148.25
2020-09-25,$154.7565,92304040,$152.743,$155.077,$149.95
2020-09-28,$158.7025,84483300,$157.4425,$158.752,$155.8584
2020-09-29,$157.244,70067960,$158.7695,$159.413,$156.627
2020-09-30,$157.4365,97922020,$157.057,$160.644,$156.6995
2020-10-01,$161.063,99438440,$160.40,$161.20,$158.60
2020-10-02,$156.25,112261960,$157.6815,$159.7898,$156.15
2020-10-05,$159.96,75506640,$157.292,$160.1265,$157.0425
2020-10-06,$154.998,101737140,$158.25,$159.10,$154.50
2020-10-07,$159.7845,86188780,$156.75,$160.00,$156.6193
2020-10-08,$159.5275,63482280,$161.2495,$161.6647,$158.7495
2020-10-09,$164.3325,98157420,$160.50,$164.4495,$159.8915
2020-10-12,$172.1465,167283960,$167.497,$174.812,$166.9775
2020-10-13,$172.1815,114893940,$173.3995,$174.619,$171.2109
2020-10-14,$168.1855,116578320,$172.35,$173.244,$167.00
2020-10-15,$166.9325,104468960,$164.6005,$167.794,$164.00
2020-10-16,$163.6355,129487060,$168.1615,$169.983,$158.00
2020-10-19,$160.3605,104472520,$164.9805,$166.45,$159.6368
2020-10-20,$160.8505,90193560,$161.114,$163.30,$159.6005
2020-10-21,$159.247,91854720,$160.625,$161.6938,$158.00
2020-10-22,$158.82,84240100,$159.4935,$159.9375,$156.097
2020-10-23,$160.22,69333740,$159.55,$160.2665,$157.00
2020-10-26,$160.352,118023020,$159.937,$164.149,$157.665
2020-10-27,$164.3165,85820940,$161.247,$164.583,$160.565
2020-10-28,$158.139,111766600,$162.465,$163.201,$158.1235
2020-10-29,$160.5505,131930580,$160.0635,$162.8625,$158.20
2020-10-30,$151.8075,167921620,$157.8875,$158.3502,$150.95
2020-11-02,$150.224,145147000,$153.087,$153.9853,$147.506
2020-11-03,$152.4205,97957600,$150.9265,$153.745,$149.049
2020-11-04,$162.058,136780820,$157.9995,$162.2425,$156.9865
2020-11-05,$166.10,115785700,$165.9985,$168.34,$164.444
2020-11-06,$165.5685,92946600,$165.232,$166.10,$161.60
2020-11-09,$157.187,143808120,$161.5515,$164.45,$155.6053
2020-11-10,$151.751,131819120,$154.751,$155.70,$150.9741
2020-11-11,$156.8695,87338460,$153.089,$156.9573,$152.50
2020-11-12,$155.514,87424160,$157.9975,$158.794,$154.3025
2020-11-13,$156.4405,75251740,$156.10,$157.0861,$154.2695
2020-11-16,$156.553,76173520,$154.66,$157.135,$153.6343
2020-11-17,$156.783,68894700,$159.1773,$159.4625,$156.763
2020-11-18,$155.273,58336720,$156.70,$157.00,$155.255
2020-11-19,$155.851,60205400,$155.2655,$156.25,$154.046
2020-11-20,$154.97,67602760,$155.851,$156.6445,$154.9023
2020-11-23,$154.9195,94177740,$155.835,$156.9873,$153.273
2020-11-24,$155.903,72042040,$155.025,$156.7125,$154.3129
2020-11-25,$159.2535,75808060,$157.0935,$159.90,$157.013
2020-11-27,$159.767,47857340,$160.563,$160.8095,$159.5025
2020-11-30,$158.402,81278320,$160.424,$161.4195,$156.2775
2020-12-01,$161.004,90887640,$159.425,$162.4475,$157.859
2020-12-02,$160.1765,62586080,$161.0825,$161.60,$158.663
2020-12-03,$159.3365,57840780,$160.273,$161.432,$159.0655
2020-12-04,$158.129,58272220,$159.9105,$159.9105,$157.938
2020-12-07,$157.90,55026320,$157.824,$159.038,$157.0845
2020-12-08,$158.8645,65726060,$157.945,$159.2065,$156.001
2020-12-09,$155.21,82016720,$158.3945,$158.7215,$154.40
2020-12-10,$155.0745,60603720,$154.4495,$157.105,$153.80
2020-12-11,$155.821,61293900,$154.833,$155.9335,$153.641
2020-12-14,$157.8485,83115880,$157.15,$159.5235,$156.30
2020-12-15,$158.256,66473720,$159.0505,$159.425,$156.5245
2020-12-16,$162.048,88552320,$158.8005,$162.35,$158.184
2020-12-17,$161.804,69486940,$162.50,$163.1755,$161.05
2020-12-18,$160.0825,119914260,$162.1995,$162.471,$158.58
2020-12-21,$160.309,76736920,$160.0005,$161.3483,$158.30
2020-12-22,$160.326,47635620,$160.1422,$161.10,$159.004
2020-12-23,$159.2635,41875740,$160.25,$160.5065,$159.2085
2020-12-24,$158.6345,29038340,$159.695,$160.10,$158.45
2020-12-28,$164.198,113735740,$159.70,$165.20,$158.6345
2020-12-29,$166.10,97458660,$165.497,$167.5325,$164.0612
2020-12-30,$164.2925,64186200,$167.05,$167.105,$164.1235
2020-12-31,$162.8465,59144120,$163.75,$164.1461,$162.06
2021-01-04,$159.3315,88228980,$163.50,$163.60,$157.201
2021-01-05,$160.9255,53110960,$158.3005,$161.169,$158.253
2021-01-06,$156.919,87896300,$157.324,$159.8755,$156.558
2021-01-07,$158.108,70290900,$157.85,$160.4271,$157.75
2021-01-08,$159.135,70754880,$159.00,$159.532,$157.11
2021-01-11,$155.7105,73381900,$157.4005,$157.8192,$155.50
2021-01-12,$156.0415,70291640,$156.00,$157.1071,$154.30
2021-01-13,$158.2945,66424880,$156.422,$159.4975,$156.104
2021-01-14,$156.3735,61418380,$158.376,$158.90,$156.0295
2021-01-15,$155.2125,84879900,$156.151,$157.1273,$154.7585
2021-01-19,$156.038,66102840,$155.35,$157.25,$154.80
2021-01-20,$163.169,106196700,$159.0995,$163.99,$158.75
2021-01-21,$165.3495,98901020,$164.65,$167.4275,$164.4784
2021-01-22,$164.6115,56438280,$165.2155,$166.0955,$164.1582
2021-01-25,$164.70,74995160,$166.425,$168.1945,$162.1573
2021-01-26,$166.3065,59104700,$164.8178,$166.90,$164.1435
2021-01-27,$161.629,93203160,$167.0745,$167.326,$160.354
2021-01-28,$161.881,62984560,$161.752,$165.084,$161.4345
2021-01-29,$160.31,85871120,$161.50,$161.8495,$159.2275
2021-02-01,$167.144,83204240,$162.118,$167.513,$161.7513
2021-02-02,$169.00,141972740,$169.00,$171.387,$168.0563
2021-02-03,$165.6265,141775620,$171.2505,$171.70,$165.431
2021-02-04,$166.55,73413220,$166.50,$167.35,$163.8875
2021-02-05,$167.6075,72416160,$165.95,$168.85,$165.1355
2021-02-08,$166.147,65147820,$167.925,$168.25,$165.20
2021-02-09,$165.25,44070520,$165.6245,$166.90,$164.892
2021-02-10,$164.329,63031000,$165.70,$165.8977,$162.70
2021-02-11,$163.1065,46028340,$164.60,$164.60,$162.403
2021-02-12,$163.8855,46706780,$162.50,$164.0125,$161.6655
2021-02-16,$163.4475,51494420,$162.7025,$165.415,$162.6796
2021-02-17,$165.432,66041980,$163.18,$166.0455,$162.975
2021-02-18,$166.4115,60672140,$164.121,$166.90,$163.697
2021-02-19,$162.495,86103680,$166.4115,$166.675,$162.2875
2021-02-22,$159.037,70313580,$160.4065,$161.616,$158.613
2021-02-23,$159.725,93544440,$156.3515,$160.2365,$154.68
2021-02-24,$157.9765,60225500,$158.3375,$158.5615,$156.269
2021-02-25,$152.858,90676020,$156.837,$158.913,$152.388
2021-02-26,$154.6465,85518600,$154.76,$156.122,$151.835
2021-03-01,$157.307,54679260,$156.3945,$157.478,$154.8995
2021-03-02,$154.7265,51915240,$157.1735,$158.176,$154.356
2021-03-03,$150.25,79774500,$154.059,$155.3888,$149.75
2021-03-04,$148.8785,109631560,$150.60,$152.9065,$147.2715
2021-03-05,$150.023,107771020,$150.25,$150.45,$144.05
2021-03-08,$147.5975,83700160,$150.75,$153.2295,$147.5655
2021-03-09,$153.1425,80600640,$150.8995,$154.548,$150.2574
2021-03-10,$152.882,60249780,$154.9225,$155.823,$151.5025
2021-03-11,$155.6795,55527820,$155.2005,$156.5892,$154.1465
2021-03-12,$154.4745,48437760,$153.75,$154.949,$152.275
2021-03-15,$154.084,58371840,$153.7285,$154.112,$151.6045
2021-03-16,$154.593,50775280,$155.2485,$156.4455,$153.793
2021-03-17,$156.7865,62371680,$153.661,$158.6525,$153.511
2021-03-18,$151.3995,73140540,$155.05,$155.8315,$151.25
2021-03-19,$153.748,92507080,$151.4615,$153.8643,$150.8315
2021-03-22,$155.5435,58043580,$153.3925,$156.329,$153.0025
2021-03-23,$156.875,76345260,$156.35,$159.10,$156.0425
2021-03-24,$154.3535,59179620,$157.552,$158.0155,$154.2575
2021-03-25,$152.313,71269380,$153.6495,$155.489,$151.857
2021-03-26,$152.6015,66258480,$152.203,$152.833,$149.80
2021-03-29,$153.7865,54919360,$152.772,$154.5625,$151.4223
2021-03-30,$152.7645,46752060,$153.5005,$153.65,$151.70
2021-03-31,$154.704,61877920,$153.203,$155.9665,$153.125
2021-04-01,$158.05,58806360,$155.897,$158.122,$155.7775
2021-04-05,$161.3365,66697640,$158.65,$161.7978,$158.062
2021-04-06,$161.191,50756180,$161.1875,$162.3655,$160.852
2021-04-07,$163.9695,66924540,$161.69,$165.1806,$161.1825
2021-04-08,$164.965,56241800,$165.545,$166.225,$164.60
2021-04-09,$168.61,86829460,$165.235,$168.61,$164.445
2021-04-12,$168.9695,65635960,$167.7605,$169.752,$167.5575
2021-04-13,$170.00,66316740,$170.0423,$171.60,$169.7815
2021-04-14,$166.65,62904080,$170.202,$170.2065,$166.30
2021-04-15,$168.9545,64671600,$168.55,$169.85,$167.60
2021-04-16,$169.972,63720980,$169.00,$170.34,$167.7795
2021-04-19,$168.6005,54508100,$169.5165,$171.7967,$168.008
2021-04-20,$166.7345,52460640,$168.68,$169.1495,$165.80
2021-04-21,$168.101,44223320,$165.80,$168.143,$165.1903
2021-04-22,$165.452,51611800,$168.584,$168.6435,$165.0725
2021-04-23,$167.044,63933040,$165.955,$168.75,$165.425
2021-04-26,$170.45,97614160,$167.40,$171.4225,$166.547
2021-04-27,$170.8715,76542800,$172.1735,$173.00,$169.9005
2021-04-28,$172.925,92637680,$171.74,$174.494,$171.25
2021-04-29,$173.5655,153647620,$175.2549,$175.7223,$171.75
2021-04-30,$173.371,140186920,$176.256,$177.70,$173.125
2021-05-03,$169.3245,117510600,$174.2365,$174.3323,$168.6351
2021-05-04,$165.5935,108788980,$167.8095,$168.3988,$163.6065
2021-05-05,$163.527,74226160,$166.9428,$167.7348,$163.218
2021-05-06,$165.3185,88953920,$163.50,$165.72,$162.36
2021-05-07,$164.5805,94205520,$165.9545,$166.5445,$164.4535
2021-05-10,$159.5245,116772060,$164.116,$164.15,$159.50
2021-05-11,$161.1955,92395620,$156.814,$161.90,$156.3685
2021-05-12,$157.597,98728200,$159.25,$160.397,$156.655
2021-05-13,$158.0735,67137540,$159.2735,$160.192,$156.65
2021-05-14,$161.145,66500440,$159.278,$161.443,$159.15
2021-05-17,$163.5195,73711980,$162.2965,$164.6375,$161.7295
2021-05-18,$161.614,56567820,$164.6288,$165.60,$161.5185
2021-05-19,$161.59,53594160,$159.75,$161.7375,$159.20
2021-05-20,$162.384,52663840,$162.2202,$162.984,$161.809
2021-05-21,$160.154,82097640,$162.50,$162.8347,$159.8505
2021-05-24,$162.2495,48456260,$160.775,$162.8975,$160.525
2021-05-25,$162.9525,65222180,$163.3335,$163.991,$160.688
2021-05-26,$163.258,47679720,$163.7296,$164.7865,$162.9255
2021-05-27,$161.5055,51223140,$162.80,$163.0178,$161.502
2021-05-28,$161.1535,46630180,$162.10,$162.3995,$160.985
2021-06-01,$160.9325,48600900,$162.1748,$162.549,$160.453
2021-06-02,$161.6995,40290480,$161.155,$161.75,$160.40
2021-06-03,$159.3505,47965860,$160.2115,$160.7218,$159.2015
2021-06-04,$160.311,44994980,$160.60,$161.05,$159.9405
2021-06-07,$159.9005,44315120,$159.8665,$160.40,$158.61
2021-06-08,$163.2055,68334600,$161.1305,$163.9766,$160.9005
2021-06-09,$164.0575,49110600,$163.6435,$164.879,$163.535
2021-06-10,$167.4825,69529600,$164.1005,$167.55,$164.0575
2021-06-11,$167.3415,56347040,$167.4825,$168.329,$166.6725
2021-06-14,$169.1935,51393100,$167.3415,$169.25,$166.775
2021-06-15,$169.1565,48524000,$169.20,$169.8493,$168.1555
2021-06-16,$170.7625,84055640,$169.60,$171.3175,$168.0265
2021-06-17,$174.462,102730620,$170.159,$174.86,$170.05
2021-06-18,$174.345,104954740,$173.9995,$175.35,$173.6855
2021-06-21,$172.698,65542600,$173.821,$174.10,$171.70
2021-06-22,$175.272,66901640,$172.903,$176.189,$172.8045
2021-06-23,$175.191,56266820,$175.25,$176.05,$174.16
2021-06-24,$172.454,76639980,$175.382,$176.243,$171.5425
2021-06-25,$170.073,78819940,$173.20,$173.241,$169.709
2021-06-28,$172.1945,44855860,$170.80,$172.40,$170.6755
2021-06-29,$172.407,41968780,$171.941,$172.8015,$171.1515
2021-06-30,$172.008,48079840,$172.053,$173.5801,$171.75
2021-07-01,$171.6485,40741060,$171.7305,$172.85,$170.471
2021-07-02,$175.549,63533940,$172.582,$175.586,$171.846
2021-07-06,$183.787,134895360,$176.5055,$184.274,$176.45
2021-07-07,$184.829,106561240,$185.8689,$186.71,$183.9455
2021-07-08,$186.5705,103612460,$182.178,$187.9993,$181.056
2021-07-09,$185.967,74964740,$186.126,$187.40,$184.6698
2021-07-12,$185.9275,51432700,$187.20,$187.8645,$184.8396
2021-07-13,$183.868,76918340,$185.105,$188.6539,$183.566
2021-07-14,$184.084,65931360,$185.4425,$185.883,$183.0413
2021-07-15,$181.56,63705840,$184.71,$184.77,$181.046
2021-07-16,$178.6815,80874120,$181.6655,$182.303,$178.5228
2021-07-19,$177.4795,75691900,$176.629,$177.5105,$174.958
2021-07-20,$178.6595,65113600,$178.366,$179.60,$175.90
2021-07-21,$179.26,46379780,$178.8188,$179.3225,$177.1821
2021-07-22,$181.9015,65307040,$179.3615,$182.001,$179.1135
2021-07-23,$182.832,48725840,$182.00,$183.3055,$181.102
2021-07-26,$184.991,58001360,$183.6585,$185.604,$182.3625
2021-07-27,$181.3195,82637800,$184.925,$184.925,$179.3075
2021-07-28,$181.516,59987560,$181.689,$182.921,$180.05
2021-07-29,$179.996,110399040,$181.3875,$181.8975,$179.0005
2021-07-30,$166.3795,199311860,$167.3975,$168.407,$165.349
2021-08-02,$166.574,67078300,$167.655,$167.946,$165.85
2021-08-03,$168.312,83146860,$167.036,$169.55,$164.9885
2021-08-04,$167.736,43678900,$168.9675,$169.444,$167.278
2021-08-05,$168.7995,48670060,$167.811,$169.45,$167.046
2021-08-06,$167.247,52752880,$168.75,$168.75,$166.4519
2021-08-09,$167.0935,42964400,$167.1805,$167.744,$166.426
2021-08-10,$166.034,48251020,$167.2505,$167.90,$165.75
2021-08-11,$164.6055,58944980,$166.5724,$166.885,$163.8895
2021-08-12,$165.175,46476460,$164.50,$165.7255,$163.4835
2021-08-13,$164.6985,41133980,$165.2835,$165.3033,$164.15
2021-08-16,$164.9495,66569880,$164.15,$165.00,$160.5565
2021-08-17,$162.098,67758440,$163.875,$164.0245,$161.284
2021-08-18,$160.061,56086220,$162.0995,$162.7049,$160.00
2021-08-19,$159.3875,75657240,$159.701,$161.65,$159.1232
2021-08-20,$159.9975,67168560,$160.1937,$160.3905,$158.788
2021-08-23,$163.2935,65362620,$160.595,$164.045,$160.5003
2021-08-24,$165.289,51036820,$164.00,$165.7747,$163.729
2021-08-25,$164.959,33606120,$165.4935,$166.05,$164.3075
2021-08-26,$165.80,41975220,$164.95,$166.60,$164.80
2021-08-27,$167.4815,48047380,$166.6615,$167.616,$165.6875
2021-08-30,$171.0785,63844880,$167.8713,$172.25,$167.761
2021-08-31,$173.5395,87128260,$171.24,$173.629,$169.7795
2021-09-01,$173.95,72598220,$174.8198,$176.35,$173.762
2021-09-02,$173.156,58511880,$174.738,$175.598,$172.75
2021-09-03,$173.9025,51566480,$172.60,$174.1335,$171.822
2021-09-07,$175.4645,54823680,$173.90,$176.4045,$173.847
2021-09-08,$176.275,61067280,$175.5825,$177.2815,$174.7835
2021-09-09,$174.208,54384820,$176.301,$177.4995,$174.0185
2021-09-10,$173.4575,47945380,$175.0915,$175.4225,$173.1453
2021-09-13,$172.8585,51380440,$174.14,$174.898,$171.90
2021-09-14,$172.50,38737940,$173.7775,$174.3403,$171.8855
2021-09-15,$173.7895,59150740,$172.126,$174.271,$170.1005
2021-09-16,$174.412,51671960,$172.998,$174.6275,$172.3072
2021-09-17,$173.126,92331120,$174.4208,$174.8705,$172.6065
2021-09-20,$167.7865,93382600,$169.80,$170.95,$165.2505
2021-09-21,$167.1815,55617560,$168.75,$168.985,$166.6195
2021-09-22,$169.0025,48228060,$167.55,$169.45,$167.0525
2021-09-23,$170.80,47588280,$169.0025,$171.448,$169.0025
2021-09-24,$171.276,42324820,$170.1005,$171.463,$169.67
2021-09-27,$170.29,72689000,$168.575,$170.7785,$166.9805
2021-09-28,$165.798,88616380,$167.8855,$168.4595,$164.505
2021-09-29,$165.056,51245360,$166.1055,$167.565,$164.8935
2021-09-30,$164.252,56940660,$165.80,$166.3925,$163.6995
2021-10-01,$164.163,56712340,$164.4505,$165.4587,$162.797
2021-10-04,$159.489,90461140,$163.9695,$163.9995,$158.8125
2021-10-05,$161.05,65384160,$160.225,$163.0365,$160.1232
2021-10-06,$163.1005,50659540,$160.6765,$163.217,$159.931
2021-10-07,$165.1215,48181500,$164.577,$166.2873,$164.153
2021-10-08,$164.431,39964340,$165.85,$166.0715,$164.41
2021-10-11,$162.315,40684060,$163.75,$164.6295,$161.905
2021-10-12,$162.3665,36391420,$162.85,$163.3764,$161.814
2021-10-13,$164.214,48501720,$163.4855,$164.419,$163.0544
2021-10-14,$164.993,42240400,$165.1227,$165.63,$164.539
2021-10-15,$170.451,103598820,$165.571,$170.521,$165.20
2021-10-18,$172.337,63482300,$169.4179,$172.4585,$169.255
2021-10-19,$172.2075,47721580,$171.7145,$172.7345,$171.10
2021-10-20,$170.753,42795540,$172.633,$173.143,$170.0185
2021-10-21,$171.7505,37627700,$170.7125,$172.014,$170.15
2021-10-22,$166.7775,62781060,$171.05,$171.492,$166.565
2021-10-25,$166.0185,44519120,$166.75,$167.39,$164.885
2021-10-26,$168.8035,53966840,$167.4755,$170.806,$167.199
2021-10-27,$169.6245,54044480,$169.40,$171.85,$168.5727
2021-10-28,$172.3285,114174660,$170.1048,$173.95,$169.30
2021-10-29,$168.6215,129721540,$165.001,$168.741,$163.666
2021-11-01,$165.9055,72177580,$168.09,$168.793,$164.601
2021-11-02,$165.6375,52551800,$165.7505,$166.5557,$164.1775
2021-11-03,$169.20,67943780,$165.45,$169.746,$164.876
2021-11-04,$173.85,107060400,$168.50,$174.9313,$168.25
2021-11-05,$175.9495,99939020,$173.85,$178.3125,$173.849
2021-11-08,$174.449,61479840,$176.162,$178.95,$174.393
2021-11-09,$178.8115,85898440,$175.7625,$179.6885,$175.0713
2021-11-10,$174.1025,80548440,$178.1935,$180.2725,$173.1545
2021-11-11,$173.625,45288120,$175.65,$177.162,$173.3735
2021-11-12,$176.2575,53788680,$174.25,$177.0363,$172.3525
2021-11-15,$177.284,58594380,$176.85,$179.694,$176.2905
2021-11-16,$177.035,44341420,$176.95,$178.825,$176.2573
2021-11-17,$177.45,51205400,$178.236,$179.3623,$177.2675
2021-11-18,$184.803,114070760,$178.3175,$185.21,$178.05
2021-11-19,$183.8285,98924060,$185.6345,$188.1073,$183.786
2021-11-22,$178.6285,96957000,$183.8189,$185.6728,$178.375
2021-11-23,$179.002,73844920,$179.252,$181.0525,$176.3855
2021-11-24,$179.0205,46560360,$178.1335,$180.682,$176.8425
2021-11-26,$175.228,59825940,$180.1048,$181.675,$175.2075
2021-11-29,$178.0785,65311140,$177.3822,$179.80,$176.575
2021-11-30,$175.3535,80022140,$178.175,$179.2885,$174.6005
2021-12-01,$172.186,75139900,$177.25,$177.994,$172.08
2021-12-02,$171.868,64725760,$173.00,$174.635,$171.1875
2021-12-03,$169.4895,80711000,$172.75,$173.4932,$166.93
2021-12-06,$171.3685,68860000,$169.65,$173.6955,$166.9345
2021-12-07,$176.1645,66410720,$174.60,$177.4995,$173.3345
2021-12-08,$176.158,45253660,$176.1505,$177.18,$174.7505
2021-12-09,$174.171,46061820,$175.75,$176.9695,$174.1395
2021-12-10,$172.212,60689760,$175.417,$175.927,$170.50
2021-12-13,$169.5675,62169000,$172.00,$172.10,$169.13
2021-12-14,$169.0915,55975280,$167.55,$169.499,$166.44
2021-12-15,$173.315,75794260,$168.598,$173.60,$165.195
2021-12-16,$168.871,60876840,$173.3686,$174.166,$168.1603
2021-12-17,$170.0175,85755160,$167.7105,$170.8985,$165.6136
2021-12-20,$167.079,57372660,$166.85,$167.8743,$165.60
2021-12-21,$170.417,55955820,$167.8505,$170.7165,$165.6475
2021-12-22,$171.037,55035460,$169.2698,$172.05,$168.5005
2021-12-23,$171.0685,36788240,$170.428,$171.975,$170.15
2021-12-27,$169.6695,58846820,$171.037,$172.943,$169.2155
2021-12-28,$170.661,54711860,$170.1825,$172.1759,$169.1355
2021-12-29,$169.201,35754040,$170.84,$171.212,$168.6005
2021-12-30,$168.6445,37583100,$169.70,$170.888,$168.524
2021-12-31,$166.717,47830380,$168.956,$169.35,$166.5585
2022-01-03,$170.4045,63869140,$167.55,$170.7035,$166.1605
2022-01-04,$167.522,70725160,$170.438,$171.40,$166.3495
2022-01-05,$164.357,64302720,$166.883,$167.1263,$164.357
2022-01-06,$163.254,51957780,$163.4505,$164.80,$161.9372
2022-01-07,$162.554,46605900,$163.839,$165.2432,$162.031
2022-01-10,$161.486,87798300,$160.5855,$161.6615,$156.3045
2022-01-11,$165.362,62805580,$161.50,$166.35,$160.7015
2022-01-12,$165.207,50029120,$166.575,$166.878,$164.417
2022-01-13,$161.214,52188300,$165.2505,$166.2215,$161.091
2022-01-14,$162.138,45974860,$160.15,$162.25,$159.8005
2022-01-18,$158.9175,67441440,$159.105,$159.7345,$157.6645
2022-01-19,$156.299,53241920,$158.762,$159.25,$156.25
2022-01-20,$151.6675,71973320,$156.766,$158.00,$151.351
2022-01-21,$142.643,163971440,$149.95,$150.90,$142.0704
2022-01-24,$144.544,156044740,$139.00,$144.945,$135.352
2022-01-25,$139.986,90824660,$142.2425,$143.60,$138.145
2022-01-26,$138.8725,95601700,$144.75,$145.1848,$137.3185
2022-01-27,$139.6375,77515800,$140.80,$144.2435,$139.35
2022-01-28,$143.978,74391980,$140.8605,$143.998,$137.9293
2022-01-31,$149.5735,78307440,$144.75,$150.3605,$144.3005
2022-02-01,$151.1935,59219840,$150.00,$151.708,$147.6277
2022-02-02,$150.6125,87329760,$155.0504,$155.075,$148.8636
2022-02-03,$138.8455,225531400,$141.7375,$144.2475,$138.333
2022-02-04,$157.6395,253455800,$155.6065,$161.20,$150.608
2022-02-07,$157.9355,102624380,$158.52,$162.6908,$157.25
2022-02-08,$161.4135,76040360,$156.7505,$161.7925,$155.5505
2022-02-09,$161.1895,68785600,$162.8735,$163.8345,$160.25
2022-02-10,$159.0035,68268120,$158.35,$160.7165,$157.75
2022-02-11,$153.2935,77100440,$158.1345,$159.00,$152.7338
2022-02-14,$155.167,83230700,$151.751,$158.4483,$151.65
2022-02-15,$156.5105,56970660,$157.6055,$158.007,$154.6375
2022-02-16,$158.1005,52704280,$155.7905,$158.834,$154.7345
2022-02-17,$154.6525,64032500,$158.146,$160.3488,$154.50
2022-02-18,$152.6015,63604100,$155.4995,$155.4995,$150.893
2022-02-22,$150.1975,66128240,$150.4785,$152.9825,$148.4855
2022-02-23,$144.827,64243560,$151.6505,$151.763,$144.651
2022-02-24,$151.358,100785760,$139.8375,$151.749,$139.50
2022-02-25,$153.7885,62395360,$150.55,$153.99,$149.2135
2022-02-28,$153.563,57683420,$152.425,$154.45,$150.85
2022-03-01,$151.142,44873580,$152.7325,$154.099,$149.977
2022-03-02,$152.0525,47334720,$150.849,$152.9995,$148.75
2022-03-03,$147.8985,65197200,$153.5315,$153.929,$146.856
2022-03-04,$145.641,60983120,$147.159,$147.85,$143.807
2022-03-07,$137.453,86933860,$145.4435,$146.0945,$137.4165
2022-03-08,$136.0145,91662580,$136.6835,$140.6995,$133.5725
2022-03-09,$139.279,82656660,$139.50,$140.25,$136.828
2022-03-10,$146.8175,135062900,$145.685,$148.6743,$143.978
2022-03-11,$145.5245,68900560,$149.5745,$149.675,$145.369
2022-03-14,$141.853,74086100,$145.981,$147.45,$140.884
2022-03-15,$147.3665,75584600,$142.85,$147.985,$142.00
2022-03-16,$153.104,84957680,$148.50,$153.15,$147.3535
2022-03-17,$157.239,72934840,$152.6405,$157.4985,$152.14
2022-03-18,$161.2505,102962760,$156.813,$161.594,$156.011
2022-03-21,$161.4915,66537520,$161.1208,$163.084,$159.553
2022-03-22,$164.889,64086120,$161.8055,$166.167,$161.699
2022-03-23,$163.408,55811860,$163.705,$166.37,$162.687
2022-03-24,$163.6495,56798060,$163.7495,$164.1185,$160.05
2022-03-25,$164.7735,49085500,$164.00,$165.3685,$162.25
2022-03-28,$168.9905,59853820,$164.975,$169.0375,$164.90
2022-03-29,$169.315,66153600,$170.384,$170.8315,$167.8685
2022-03-30,$166.301,56167260,$168.5095,$168.9505,$165.50
2022-03-31,$162.9975,59965780,$166.4448,$166.495,$162.9535
2022-04-01,$163.56,57089500,$164.1495,$165.827,$162.3195
2022-04-04,$168.3465,50007960,$164.125,$168.3945,$163.2055
2022-04-05,$164.055,53728560,$167.7415,$168.1105,$163.266
2022-04-06,$158.756,79055760,$161.6505,$162.20,$157.2545
2022-04-07,$157.7845,68136780,$158.40,$160.079,$154.5115
2022-04-08,$154.4605,46001660,$156.75,$157.3685,$154.2308
2022-04-11,$151.122,52112340,$152.713,$154.1365,$150.5345
2022-04-12,$150.7875,55177440,$153.6925,$155.099,$150.383
2022-04-13,$155.541,53390880,$150.0185,$156.025,$149.60
2022-04-14,$151.7065,51598140,$155.39,$155.897,$151.4718
2022-04-18,$152.785,46513520,$151.5235,$154.0395,$150.2505
2022-04-19,$158.1155,54926420,$152.0295,$158.649,$151.5505
2022-04-20,$153.998,59630020,$157.6025,$157.6025,$153.6035
2022-04-21,$148.296,63969320,$154.714,$156.738,$147.5895
2022-04-22,$144.35,73078580,$148.25,$149.615,$143.6975
2022-04-25,$146.074,61874980,$144.023,$146.2215,$142.3065
2022-04-26,$139.391,77529160,$144.80,$144.8558,$138.9295
2022-04-27,$138.167,71336300,$140.1915,$141.9485,$135.7835
2022-04-28,$144.5965,117316940,$142.178,$145.9375,$140.30
2022-04-29,$124.2815,272661800,$129.849,$130.761,$121.625
2022-05-02,$124.50,148788980,$122.401,$124.6683,$118.375
2022-05-03,$124.2535,79133360,$124.0535,$126.2205,$122.825
2022-05-04,$125.9285,110745360,$123.60,$126.00,$119.183
2022-05-05,$116.407,144391220,$123.00,$123.499,$115.0725
2022-05-06,$114.7725,124259900,$114.85,$119.0505,$113.0813
2022-05-09,$108.789,128124380,$111.3125,$114.00,$107.957
2022-05-10,$108.859,105433820,$111.25,$112.6425,$107.171
2022-05-11,$105.372,109703640,$108.1035,$110.156,$104.4285
2022-05-12,$106.9305,132025140,$102.75,$110.7808,$102.4055
2022-05-13,$113.055,93684560,$109.069,$113.184,$107.80
2022-05-16,$110.8105,74565740,$113.10,$113.9925,$110.3541
2022-05-17,$115.3685,76447740,$113.275,$115.80,$111.2765
2022-05-18,$107.1125,108379180,$111.4395,$112.853,$106.2488
2022-05-19,$107.319,88142540,$106.2805,$110.034,$106.1929
2022-05-20,$107.591,99500640,$109.5685,$109.898,$105.0093
2022-05-23,$107.557,107797360,$108.461,$108.8188,$103.95
2022-05-24,$104.10,102934680,$104.025,$105.40,$101.26
2022-05-25,$106.775,93120100,$103.6555,$108.175,$103.65
2022-05-26,$111.0775,93002600,$107.97,$112.6655,$107.4535
2022-05-27,$115.1465,93660160,$113.55,$115.187,$112.628
2022-05-31,$120.2095,144634160,$116.28,$121.9945,$115.675
2022-06-01,$121.684,127528980,$122.256,$125.179,$120.6223
2022-06-02,$125.511,100560680,$121.684,$125.61,$120.045
2022-06-03,$122.35,97603320,$124.20,$124.40,$121.0465
2022-06-06,$124.79,135269000,$125.245,$128.99,$123.81
2022-06-07,$123.00,85156710,$122.005,$124.10,$120.63
2022-06-08,$121.18,64926590,$122.61,$123.75,$120.75
2022-06-09,$116.15,67029840,$119.99,$121.30,$116.10
2022-06-10,$109.65,87412250,$113.415,$114.50,$109.05
2022-06-13,$103.67,99277740,$104.19,$106.54,$101.86
2022-06-14,$102.31,69728760,$104.19,$104.88,$101.43
2022-06-15,$107.67,85011060,$103.86,$109.06,$103.53
2022-06-16,$103.66,82186300,$104.47,$104.58,$102.01
2022-06-17,$106.22,99772150,$102.80,$106.98,$102.51
2022-06-21,$108.68,70901250,$108.20,$111.6299,$103.56
2022-06-22,$108.95,60040130,$107.43,$112.13,$107.02
2022-06-23,$112.44,64345300,$110.39,$113.00,$107.93
2022-06-24,$116.46,69867620,$112.38,$116.71,$111.43
2022-06-27,$113.22,62133240,$117.09,$117.98,$112.70
2022-06-28,$107.40,75172030,$113.50,$114.85,$107.04
2022-06-29,$108.92,66375340,$107.38,$110.99,$106.91
2022-06-30,$106.21,97679400,$108.11,$108.18,$102.52
2022-07-01,$109.56,73021170,$106.29,$109.75,$105.8469
2022-07-05,$113.50,76684410,$107.60,$114.08,$106.3242
2022-07-06,$114.33,66958880,$113.21,$115.48,$112.01
2022-07-07,$116.33,57872320,$113.85,$116.99,$113.49
2022-07-08,$115.54,45719690,$114.60,$116.58,$113.69
2022-07-11,$111.75,53540020,$114.08,$114.30,$110.87
2022-07-12,$109.22,54280260,$112.16,$113.23,$108.34
2022-07-13,$110.40,61353810,$107.03,$111.78,$106.01
2022-07-14,$110.63,51163140,$110.24,$111.18,$107.58
2022-07-15,$113.55,84317820,$112.50,$115.59,$111.59
2022-07-18,$113.76,59115420,$115.00,$117.24,$113.15
2022-07-19,$118.21,60990040,$115.70,$118.95,$114.03
2022-07-20,$122.77,71268320,$118.615,$123.475,$118.32
2022-07-21,$124.63,60239890,$123.20,$124.85,$121.26
2022-07-22,$122.42,51463800,$125.01,$125.50,$121.3504
2022-07-25,$121.14,50221260,$122.695,$123.64,$120.03
2022-07-26,$114.81,67075060,$115.79,$118.15,$114.53
2022-07-27,$120.97,61582020,$117.31,$121.90,$117.16
2022-07-28,$122.28,82245540,$121.57,$122.84,$118.08
2022-07-29,$134.95,148892900,$134.90,$137.65,$132.41
2022-08-01,$135.39,76846910,$134.96,$138.8339,$133.51
2022-08-02,$134.16,61922430,$134.72,$137.44,$134.09
2022-08-03,$139.52,71827780,$136.21,$140.49,$136.05
2022-08-04,$142.57,70585020,$140.58,$143.56,$139.55
2022-08-05,$140.80,50686870,$140.10,$142.86,$139.60
2022-08-08,$139.41,52303480,$142.05,$144.23,$138.29
2022-08-09,$137.83,40434720,$138.052,$138.9523,$136.21
2022-08-10,$142.69,54773820,$142.90,$144.60,$141.01
2022-08-11,$140.64,44867340,$143.86,$144.49,$139.76
2022-08-12,$143.55,47643480,$142.05,$143.57,$140.1201
2022-08-15,$143.18,39014580,$142.80,$143.76,$141.49
2022-08-16,$144.78,59102860,$143.905,$146.57,$142.00
2022-08-17,$142.10,48149780,$142.69,$143.38,$140.78
2022-08-18,$142.30,37458740,$141.32,$142.77,$140.38
2022-08-19,$138.23,47792840,$140.47,$141.11,$137.9142
2022-08-22,$133.22,50461500,$135.72,$136.32,$132.85
2022-08-23,$133.62,36252100,$133.41,$134.99,$132.95
2022-08-24,$133.80,38626980,$132.75,$135.47,$132.10
2022-08-25,$137.28,37496280,$135.26,$137.42,$134.28
2022-08-26,$130.75,53322660,$136.55,$137.83,$130.50
2022-08-29,$129.79,48101640,$129.90,$131.9499,$128.77
2022-08-30,$128.73,49202990,$131.25,$132.0745,$126.85
2022-08-31,$126.77,53648700,$129.45,$130.59,$126.74
2022-09-01,$127.82,56636150,$126.00,$128.02,$123.66
2022-09-02,$127.51,57429830,$129.50,$131.38,$126.39
2022-09-06,$126.11,43888590,$127.92,$128.62,$124.74
2022-09-07,$129.48,47834490,$126.12,$129.82,$125.40
2022-09-08,$129.82,43988510,$127.72,$130.28,$127.10
2022-09-09,$133.27,49422260,$130.91,$133.69,$130.76
2022-09-12,$136.45,53826860,$134.095,$136.49,$134.00
2022-09-13,$126.82,72694010,$131.01,$131.40,$126.27
2022-09-14,$128.55,45316770,$127.364,$128.84,$126.33
2022-09-15,$126.28,52887200,$127.38,$130.37,$125.495
2022-09-16,$123.53,115667800,$122.78,$123.87,$120.70
2022-09-19,$124.66,47279730,$122.16,$124.71,$121.80
2022-09-20,$122.19,47698430,$123.35,$124.3963,$121.14
2022-09-21,$118.54,58498890,$122.49,$123.76,$118.45
2022-09-22,$117.31,55229190,$117.08,$118.79,$116.26
2022-09-23,$113.78,65126670,$116.00,$116.05,$112.06
2022-09-26,$115.15,62723270,$113.295,$117.34,$113.13
2022-09-27,$114.41,60094690,$117.195,$118.32,$113.05
2022-09-28,$118.01,55763750,$114.38,$118.70,$113.80
2022-09-29,$114.80,58969710,$115.60,$116.07,$113.06
2022-09-30,$113.00,59479590,$114.075,$116.92,$112.84
2022-10-03,$115.88,50941850,$113.58,$116.91,$112.45
2022-10-04,$121.09,62812560,$119.89,$123.00,$119.79
2022-10-05,$120.95,48217540,$118.58,$121.75,$117.69
2022-10-06,$120.30,42253760,$120.77,$121.53,$119.50
2022-10-07,$114.56,54677980,$118.00,$118.17,$113.88
2022-10-10,$113.67,42339680,$115.10,$116.25,$112.43
2022-10-11,$112.21,56432230,$112.71,$115.48,$110.39
2022-10-12,$112.90,45728660,$112.49,$113.83,$111.40
2022-10-13,$112.53,86868100,$107.88,$113.44,$105.345
2022-10-14,$106.90,67737340,$114.10,$114.96,$106.60
2022-10-17,$113.79,62781990,$110.11,$114.19,$110.09
2022-10-18,$116.36,65607450,$119.06,$119.52,$114.79
2022-10-19,$115.07,47198120,$114.71,$116.5932,$113.22
2022-10-20,$115.25,48795100,$113.83,$118.24,$113.51
2022-10-21,$119.32,55660490,$114.792,$119.59,$114.50
2022-10-24,$119.82,49531520,$119.98,$120.39,$116.57
2022-10-25,$120.60,50934610,$119.65,$121.3152,$118.95
2022-10-26,$115.66,69002460,$116.00,$119.3457,$114.76
2022-10-27,$110.96,129605400,$113.92,$114.12,$109.77
2022-10-28,$103.41,223133400,$97.905,$103.96,$97.66
2022-10-31,$102.44,99251400,$103.56,$104.87,$100.74
2022-11-01,$96.79,153370000,$103.99,$104.58,$96.06
2022-11-02,$92.12,135761800,$97.315,$97.74,$92.01
2022-11-03,$89.30,136683300,$92.47,$93.50,$89.02
2022-11-04,$90.98,129101300,$91.49,$92.44,$88.04
2022-11-07,$90.53,77495730,$91.95,$92.10,$89.04
2022-11-08,$89.98,88703370,$90.79,$91.72,$88.23
2022-11-09,$86.14,90796250,$89.47,$89.48,$85.87
2022-11-10,$96.63,173414900,$92.935,$98.69,$91.65
2022-11-11,$100.79,111590500,$97.88,$101.19,$96.66
2022-11-14,$98.49,99533070,$98.77,$100.1199,$97.29
2022-11-15,$98.94,111336300,$103.21,$103.79,$97.34
2022-11-16,$97.12,87958830,$96.85,$98.4879,$95.54
2022-11-17,$94.85,82617870,$95.37,$96.97,$94.03
2022-11-18,$94.14,72428190,$95.95,$95.99,$92.48
2022-11-21,$92.46,84330270,$93.97,$95.02,$90.59
2022-11-22,$93.20,62191960,$92.62,$93.35,$90.87
2022-11-23,$94.13,59414680,$93.24,$94.58,$92.83
2022-11-25,$93.41,35088610,$93.79,$94.43,$93.065
2022-11-28,$93.95,75062320,$93.93,$96.40,$93.43
2022-11-29,$92.42,65567290,$94.04,$94.41,$91.44
2022-11-30,$96.54,102805800,$92.47,$96.54,$91.525
2022-12-01,$95.50,68487970,$96.99,$97.23,$94.92
2022-12-02,$94.13,72496390,$94.475,$95.36,$93.78
2022-12-05,$91.01,71535530,$93.05,$94.06,$90.82
2022-12-06,$88.25,75503630,$90.50,$91.04,$87.90
2022-12-07,$88.46,68086880,$88.34,$89.89,$87.48
2022-12-08,$90.35,73305890,$89.24,$90.86,$87.88
2022-12-09,$89.09,67398510,$88.90,$90.30,$88.63
2022-12-12,$90.55,61999760,$89.21,$90.58,$87.87
2022-12-13,$92.49,100212000,$95.23,$96.25,$90.52
2022-12-14,$91.58,70298010,$92.502,$93.4581,$89.87
2022-12-15,$88.45,84802880,$89.89,$89.97,$87.47
2022-12-16,$87.86,146144100,$88.265,$89.35,$86.73
2022-12-19,$84.92,83531460,$87.51,$87.63,$84.51
2022-12-20,$85.19,74348300,$85.33,$86.61,$84.33
2022-12-21,$86.77,59267160,$86.175,$87.225,$85.21
2022-12-22,$83.79,81431310,$85.52,$85.68,$82.25
2022-12-23,$85.25,57433660,$83.25,$85.78,$82.9344
2022-12-27,$83.04,57284040,$84.97,$85.35,$83.00
2022-12-28,$81.82,58228580,$82.80,$83.48,$81.69
2022-12-29,$84.18,54995900,$82.87,$84.55,$82.55
2022-12-30,$84.00,62401190,$83.12,$84.05,$82.47
2023-01-03,$85.82,76706040,$85.46,$86.96,$84.205
2023-01-04,$85.14,68885120,$86.55,$86.98,$83.36
2023-01-05,$83.12,67930830,$85.33,$85.42,$83.07
2023-01-06,$86.08,83303360,$83.03,$86.40,$81.43
2023-01-09,$87.36,65266060,$87.46,$89.48,$87.08
2023-01-10,$89.87,67756600,$87.57,$90.185,$87.29
2023-01-11,$95.09,103126200,$90.93,$95.26,$90.93
2023-01-12,$95.27,85254780,$96.93,$97.19,$93.50
2023-01-13,$98.12,85549430,$94.18,$98.37,$94.12
2023-01-17,$96.05,72755000,$98.68,$98.89,$95.73
2023-01-18,$95.46,79570370,$97.25,$99.32,$95.38
2023-01-19,$93.68,69002660,$94.74,$95.44,$92.86
2023-01-20,$97.25,67481540,$93.86,$97.354,$93.2025
2023-01-23,$97.52,76501100,$97.56,$97.78,$95.86
2023-01-24,$96.32,66929450,$96.93,$98.09,$96.00
2023-01-25,$97.18,94261570,$92.56,$97.24,$91.52
2023-01-26,$99.22,68523560,$98.235,$99.49,$96.92
2023-01-27,$102.24,87775610,$99.53,$103.485,$99.53
2023-01-30,$100.55,70691860,$101.09,$101.74,$99.01
2023-01-31,$103.13,66527250,$101.155,$103.3484,$101.14
2023-02-01,$105.15,80450120,$102.53,$106.24,$101.24
2023-02-02,$112.91,158154200,$110.245,$114.00,$108.88
2023-02-03,$103.39,144374800,$105.26,$108.78,$102.52
2023-02-06,$102.18,81945200,$102.925,$103.9484,$100.65
2023-02-07,$102.11,119501300,$101.17,$102.41,$98.08
2023-02-08,$100.05,75878300,$102.04,$102.6699,$98.775
2023-02-09,$98.24,64622490,$101.32,$101.78,$97.57
2023-02-10,$97.61,52740130,$97.56,$98.8163,$96.23
2023-02-13,$99.54,52841460,$97.85,$99.68,$96.91
2023-02-14,$99.70,56202900,$98.41,$100.9207,$97.52
2023-02-15,$101.16,48053880,$99.09,$101.17,$98.45
2023-02-16,$98.15,56339170,$99.21,$100.63,$98.10
2023-02-17,$97.20,60029410,$97.80,$97.94,$95.65
2023-02-21,$94.58,56580360,$95.335,$95.605,$94.27
2023-02-22,$95.79,59534090,$95.10,$97.01,$94.80
2023-02-23,$95.82,48466990,$96.12,$96.43,$93.67
2023-02-24,$93.50,57053810,$93.53,$94.14,$92.3186
2023-02-27,$93.76,47470320,$94.28,$94.78,$93.14
2023-02-28,$94.23,43959290,$93.14,$94.69,$92.92
2023-03-01,$92.17,52299520,$93.87,$94.68,$91.59
2023-03-02,$92.13,55574820,$91.41,$92.23,$90.39
2023-03-03,$94.90,55759610,$92.74,$94.94,$92.66
2023-03-06,$93.75,52112360,$95.19,$96.545,$93.74
2023-03-07,$93.55,49100670,$94.06,$95.09,$92.78
2023-03-08,$93.92,44899130,$93.60,$94.165,$92.18
2023-03-09,$92.25,56218710,$93.68,$96.21,$92.18
2023-03-10,$90.73,69827490,$92.67,$93.57,$90.245
2023-03-13,$92.43,72397050,$89.97,$94.02,$88.12
2023-03-14,$94.88,60912670,$93.83,$95.07,$92.71
2023-03-15,$96.20,70731790,$93.22,$96.67,$93.07
2023-03-16,$100.04,84558930,$95.75,$100.99,$95.61
2023-03-17,$98.95,87300240,$99.79,$100.66,$97.455
2023-03-20,$97.71,62388910,$98.41,$98.48,$95.70
2023-03-21,$100.61,58597280,$98.14,$100.845,$98.00
2023-03-22,$98.70,57475370,$100.45,$102.10,$98.61
2023-03-23,$98.71,57559310,$100.43,$101.06,$97.62
2023-03-24,$98.13,56144800,$98.065,$98.30,$96.40
2023-03-27,$98.04,46721300,$99.07,$99.34,$97.08
2023-03-28,$97.24,38720050,$98.11,$98.44,$96.29
2023-03-29,$100.25,49783280,$98.69,$100.4218,$98.56
2023-03-30,$102.00,53633400,$101.55,$103.04,$101.01
2023-03-31,$103.29,56750320,$102.16,$103.49,$101.95
2023-04-03,$102.41,41135730,$102.30,$103.29,$101.43
2023-04-04,$103.95,48662500,$102.75,$104.20,$102.11
2023-04-05,$101.10,45175390,$103.91,$103.91,$100.7506
2023-04-06,$102.06,43808020,$100.75,$102.3817,$99.8008
2023-04-10,$102.17,37261190,$100.96,$102.20,$99.57
2023-04-11,$99.92,60417850,$100.80,$101.00,$99.01
2023-04-12,$97.83,56735010,$100.40,$100.51,$97.705
2023-04-13,$102.40,67925140,$98.95,$102.57,$98.71
2023-04-14,$102.51,51450520,$102.07,$103.2013,$101.11
2023-04-17,$102.74,39919460,$103.16,$103.73,$101.59
2023-04-18,$102.30,39790520,$103.95,$104.20,$101.52
2023-04-19,$104.30,58398890,$101.58,$105.12,$101.39
2023-04-20,$103.81,57696870,$103.53,$105.25,$103.21
2023-04-21,$106.96,86774190,$106.10,$108.15,$105.08
2023-04-24,$106.21,69575610,$107.655,$109.23,$105.07
2023-04-25,$102.57,65026820,$104.91,$105.45,$102.45
2023-04-26,$104.98,73803790,$105.04,$106.62,$104.10
2023-04-27,$109.82,149961200,$108.16,$110.86,$106.80
2023-04-28,$105.45,130715900,$107.73,$109.48,$104.33
2023-05-01,$102.05,74728100,$104.95,$105.23,$101.82
2023-05-02,$103.63,73469350,$101.47,$103.90,$101.15
2023-05-03,$103.65,65051930,$103.735,$105.96,$103.28
2023-05-04,$104.00,45345520,$104.04,$105.39,$103.3117
2023-05-05,$105.655,56951740,$104.27,$105.76,$103.55
2023-05-08,$105.83,49430910,$105.04,$106.095,$104.7001
2023-05-09,$106.62,44089360,$105.48,$106.79,$105.1567
2023-05-10,$110.19,78627620,$108.10,$110.67,$108.05
2023-05-11,$112.18,74924840,$111.03,$113.28,$110.49
2023-05-12,$110.26,49852670,$112.16,$112.64,$109.3185
2023-05-15,$111.20,53011150,$111.15,$112.29,$109.25
2023-05-16,$113.40,71472910,$111.05,$114.7899,$111.05
2023-05-17,$115.50,65655180,$114.89,$115.83,$114.22
2023-05-18,$118.15,73174090,$116.69,$118.60,$116.335
2023-05-19,$116.25,55056310,$118.16,$118.31,$115.70
2023-05-22,$115.01,70741120,$116.77,$116.77,$114.25
2023-05-23,$114.99,67576260,$114.27,$117.14,$113.78
2023-05-24,$116.75,63487940,$115.35,$117.34,$115.02
2023-05-25,$115.00,66496680,$116.63,$116.87,$114.31
2023-05-26,$120.11,96779890,$116.04,$121.50,$116.02
2023-05-30,$121.66,64314810,$122.37,$122.92,$119.855
2023-05-31,$120.58,72800790,$121.45,$122.04,$119.17
2023-06-01,$122.77,54375130,$120.69,$123.49,$119.93
2023-06-02,$124.25,61264410,$124.92,$126.39,$124.015
2023-06-05,$125.30,47950130,$123.36,$125.80,$123.03
2023-06-06,$126.61,45695210,$125.07,$127.40,$125.00
2023-06-07,$121.23,95663280,$127.01,$127.365,$120.63
2023-06-08,$124.25,62159270,$123.01,$125.625,$122.2579
2023-06-09,$123.43,51396020,$124.08,$125.80,$123.19
2023-06-12,$126.57,51473380,$124.02,$126.78,$123.53
2023-06-13,$126.66,50564790,$128.12,$128.41,$125.18
2023-06-14,$126.42,52422460,$126.70,$126.95,$124.12
2023-06-15,$127.11,60458470,$125.21,$127.69,$124.32
2023-06-16,$125.49,84247100,$127.71,$127.90,$125.30
2023-06-20,$125.78,56930120,$124.97,$127.25,$124.50
2023-06-21,$124.83,52137670,$125.64,$126.73,$123.85
2023-06-22,$130.15,90354570,$125.31,$130.33,$125.14
2023-06-23,$129.33,71927780,$129.11,$130.84,$128.28
2023-06-26,$127.33,59989320,$129.33,$131.49,$127.10
2023-06-27,$129.18,46801010,$128.63,$130.085,$127.55
2023-06-28,$129.04,52149510,$128.94,$131.48,$128.44
2023-06-29,$127.90,40760960,$128.77,$129.26,$127.255
2023-06-30,$130.36,54350680,$129.47,$131.245,$128.95
2023-07-03,$130.22,27939570,$130.82,$131.85,$130.065
2023-07-05,$130.38,35895410,$130.24,$131.40,$129.64
2023-07-06,$128.36,40697850,$128.25,$128.73,$127.37
2023-07-07,$129.78,41992250,$128.59,$130.97,$128.1294
2023-07-10,$127.13,61889290,$129.07,$129.28,$125.915
2023-07-11,$128.78,49951460,$127.75,$129.77,$127.35
2023-07-12,$130.80,54022850,$130.31,$131.26,$128.83
2023-07-13,$134.30,61170880,$134.04,$134.67,$132.71
2023-07-14,$134.68,54487090,$134.06,$136.65,$134.06
2023-07-17,$133.56,48450200,$134.56,$135.62,$133.21
2023-07-18,$132.83,54969130,$132.71,$133.86,$131.355
2023-07-19,$135.36,54531040,$133.39,$135.99,$132.53
2023-07-20,$129.96,59820580,$134.07,$134.7915,$129.33
2023-07-21,$130.00,133307300,$131.34,$131.37,$128.415
2023-07-24,$128.80,45671540,$130.305,$131.66,$128.35
2023-07-25,$129.13,39236660,$129.31,$129.58,$128.53
2023-07-26,$128.15,53910090,$126.51,$129.08,$126.11
2023-07-27,$128.25,52610660,$131.00,$132.63,$127.79
2023-07-28,$132.21,46317380,$129.69,$133.01,$129.33
2023-07-31,$133.68,41901520,$133.20,$133.87,$132.38
2023-08-01,$131.69,42298930,$133.55,$133.69,$131.6199
2023-08-02,$128.21,51027610,$130.154,$130.23,$126.82
2023-08-03,$128.91,91163740,$127.48,$129.84,$126.41
2023-08-04,$139.57,153128500,$141.06,$143.63,$139.32
2023-08-07,$142.22,71213110,$140.99,$142.54,$138.95
2023-08-08,$139.94,51710500,$140.62,$140.84,$138.42
2023-08-09,$137.85,50017350,$139.97,$140.32,$137.10
2023-08-10,$138.56,58928400,$139.075,$140.41,$137.49
2023-08-11,$138.41,42905830,$137.40,$139.33,$137.00
2023-08-14,$140.57,47148700,$138.30,$140.59,$137.75
2023-08-15,$137.67,42781520,$140.05,$141.2778,$137.23
2023-08-16,$135.07,41675900,$137.19,$137.27,$135.01
2023-08-17,$133.98,48354090,$135.46,$136.085,$133.53
2023-08-18,$133.22,48497700,$131.62,$134.065,$131.15
2023-08-21,$134.68,41442480,$133.74,$135.185,$132.71
2023-08-22,$134.25,32935100,$135.08,$135.65,$133.73
2023-08-23,$135.52,42801040,$134.50,$135.95,$133.22
2023-08-24,$131.84,43646250,$136.40,$136.775,$131.83
2023-08-25,$133.26,44147450,$132.47,$133.87,$130.58
2023-08-28,$133.14,34108410,$133.78,$133.95,$131.85
2023-08-29,$134.91,38646090,$133.38,$135.14,$133.25
2023-08-30,$135.07,36137020,$134.93,$135.68,$133.92
2023-08-31,$138.01,58781310,$135.06,$138.7885,$135.00
2023-09-01,$138.12,40991540,$139.455,$139.96,$136.875
2023-09-05,$137.27,40636740,$137.73,$137.80,$135.82
2023-09-06,$135.36,41785510,$136.32,$137.45,$134.61
2023-09-07,$137.85,48498910,$133.90,$138.03,$133.16
2023-09-08,$138.23,38365930,$136.86,$138.8519,$136.75
2023-09-11,$143.10,56764530,$138.75,$143.62,$138.64
2023-09-12,$141.23,42668450,$142.32,$143.00,$140.61
2023-09-13,$144.85,60465180,$140.95,$144.98,$140.865
2023-09-14,$144.72,64033610,$145.08,$145.86,$142.95
2023-09-15,$140.39,102909300,$142.69,$143.57,$140.09
2023-09-18,$139.98,42823480,$140.48,$141.75,$139.22
2023-09-19,$137.63,61482470,$138.70,$138.84,$135.56
2023-09-20,$135.29,46263720,$138.55,$139.37,$135.20
2023-09-21,$129.33,70343340,$131.94,$132.24,$129.31
2023-09-22,$129.12,59904350,$131.11,$132.03,$128.52
2023-09-25,$131.27,46017830,$129.36,$131.78,$128.77
2023-09-26,$125.98,73048210,$130.12,$130.39,$125.28
2023-09-27,$125.98,66553450,$125.76,$127.48,$124.13
2023-09-28,$125.98,54554970,$124.04,$126.5801,$123.04
2023-09-29,$127.12,62411730,$128.20,$129.15,$126.32
2023-10-02,$129.46,48029740,$127.28,$130.47,$126.54
2023-10-03,$124.72,51564990,$128.06,$128.52,$124.2544
2023-10-04,$127.00,44203870,$126.06,$127.36,$125.68
2023-10-05,$125.96,39660640,$126.71,$126.73,$124.33
2023-10-06,$127.96,46836700,$124.16,$128.45,$124.13
2023-10-09,$128.26,38773740,$126.22,$128.79,$124.76
2023-10-10,$129.48,42178620,$128.82,$130.74,$128.05
2023-10-11,$131.83,40741840,$129.74,$132.05,$129.61
2023-10-12,$132.33,55528580,$132.17,$134.48,$131.23
2023-10-13,$129.79,45824690,$132.98,$133.3145,$128.95
2023-10-16,$132.55,42832920,$130.69,$133.07,$130.425
2023-10-17,$131.47,49344550,$130.39,$132.58,$128.71
2023-10-18,$128.13,42699480,$129.90,$130.6699,$127.51
2023-10-19,$128.40,60961360,$130.565,$132.24,$127.47
2023-10-20,$125.17,56406410,$128.05,$128.17,$124.97
2023-10-23,$126.56,48259950,$124.63,$127.88,$123.98
2023-10-24,$128.56,46477360,$127.74,$128.80,$126.34
2023-10-25,$121.39,74577540,$126.04,$126.34,$120.79
2023-10-26,$119.57,100419500,$120.63,$121.6393,$118.35
2023-10-27,$127.74,125309300,$126.20,$130.02,$125.52
2023-10-30,$132.71,72485540,$129.72,$133.00,$128.56
2023-10-31,$133.09,51589380,$132.75,$133.57,$131.71
2023-11-01,$137.00,61529410,$133.96,$137.35,$133.71
2023-11-02,$138.07,52236690,$138.73,$138.81,$136.47
2023-11-03,$138.60,44059810,$138.99,$139.49,$137.45
2023-11-06,$139.74,44970420,$138.76,$140.73,$138.36
2023-11-07,$142.71,53553540,$140.55,$143.37,$140.50
2023-11-08,$142.08,44521660,$142.97,$143.12,$141.2183
2023-11-09,$140.60,36235370,$142.02,$142.65,$139.84
2023-11-10,$143.56,49349940,$140.46,$143.65,$139.91
2023-11-13,$142.59,35680570,$142.08,$143.23,$140.67
2023-11-14,$145.80,56674550,$145.00,$147.26,$144.68
2023-11-15,$143.20,63875720,$147.06,$147.29,$142.59
2023-11-16,$142.83,49653510,$140.91,$143.32,$139.52
2023-11-17,$145.18,49678440,$142.66,$145.23,$142.545
2023-11-20,$146.13,41978770,$145.13,$146.63,$144.725
2023-11-21,$143.90,71225990,$143.91,$144.05,$141.50
2023-11-22,$146.71,45700000,$144.57,$147.74,$144.57
2023-11-24,$146.74,22378380,$146.70,$147.20,$145.32
2023-11-27,$147.73,53762430,$147.53,$149.26,$146.88
2023-11-28,$147.03,42711680,$146.98,$147.5999,$145.53
2023-11-29,$146.32,40610910,$147.85,$148.54,$145.97
2023-11-30,$146.09,65814020,$144.76,$146.93,$144.332
2023-12-01,$147.03,39951830,$146.00,$147.245,$145.55
2023-12-04,$144.84,48294240,$145.25,$145.35,$142.81
2023-12-05,$146.88,46822410,$143.55,$148.57,$143.13
2023-12-06,$144.52,39678960,$147.58,$147.85,$144.28
2023-12-07,$146.88,52352830,$146.15,$147.92,$145.34
2023-12-08,$147.42,41905970,$145.48,$147.84,$145.40
2023-12-11,$145.89,50907290,$145.66,$146.19,$143.64
2023-12-12,$147.48,44944260,$145.52,$147.50,$145.30
2023-12-13,$148.84,52766200,$148.12,$149.46,$146.82
2023-12-14,$147.42,58400850,$149.93,$150.54,$145.52
2023-12-15,$149.97,110089300,$148.38,$150.57,$147.88
2023-12-18,$154.07,62512830,$150.56,$154.855,$150.05
2023-12-19,$153.79,43171290,$154.40,$155.12,$152.69
2023-12-20,$152.12,50322110,$152.90,$155.63,$151.56
2023-12-21,$153.84,36305730,$153.30,$153.97,$152.10
2023-12-22,$153.42,29514090,$153.77,$154.35,$152.71
2023-12-26,$153.41,25067220,$153.56,$153.975,$153.03
2023-12-27,$153.34,31434730,$153.56,$154.78,$153.12
2023-12-28,$153.38,27057000,$153.72,$154.08,$152.95
2023-12-29,$151.94,39823200,$153.10,$153.89,$151.03
2024-01-02,$149.93,47339420,$151.54,$152.38,$148.39
2024-01-03,$148.47,49425500,$149.20,$151.05,$148.33
2024-01-04,$144.57,56039810,$145.59,$147.38,$144.05
2024-01-05,$145.24,45153150,$144.69,$146.59,$144.53
2024-01-08,$149.10,46757050,$146.74,$149.40,$146.15
2024-01-09,$151.37,43812570,$148.33,$151.71,$148.21
2024-01-10,$153.73,44421830,$152.06,$154.42,$151.881
2024-01-11,$155.18,49072690,$155.04,$157.17,$153.12
2024-01-12,$154.62,40484160,$155.39,$156.20,$154.01
2024-01-16,$153.16,41384640,$153.53,$154.99,$152.15
2024-01-17,$151.71,34953360,$151.49,$152.15,$149.91
2024-01-18,$153.50,37850250,$152.77,$153.775,$151.82
2024-01-19,$155.34,51651630,$153.83,$155.76,$152.74
2024-01-22,$154.78,43687470,$156.89,$157.05,$153.90
2024-01-23,$156.02,37986040,$154.85,$156.21,$153.93
2024-01-24,$156.87,48547320,$157.80,$158.51,$156.48
2024-01-25,$157.75,43638590,$156.95,$158.505,$154.5501
2024-01-26,$159.12,51047350,$158.42,$160.72,$157.91
2024-01-29,$161.26,45270390,$159.34,$161.29,$158.90
2024-01-30,$159.00,45207430,$160.70,$161.73,$158.49
2024-01-31,$155.20,50284370,$157.00,$159.01,$154.81
2024-02-01,$159.28,76542420,$155.87,$159.76,$155.62
2024-02-02,$171.81,117218300,$169.19,$172.50,$167.33
2024-02-05,$170.31,55081300,$170.20,$170.55,$167.70
2024-02-06,$169.15,42505520,$169.39,$170.71,$167.65
2024-02-07,$170.53,47174060,$169.48,$170.88,$168.94
2024-02-08,$169.84,42316450,$169.65,$171.43,$168.88
2024-02-09,$174.45,56985990,$170.90,$175.00,$170.5803
2024-02-12,$172.34,51050440,$174.80,$175.39,$171.54
2024-02-13,$168.64,56345120,$167.73,$170.95,$165.75
2024-02-14,$170.98,42815540,$169.21,$171.21,$168.28
2024-02-15,$169.80,49855200,$170.58,$171.17,$167.59
2024-02-16,$169.51,48107740,$168.74,$170.42,$167.17
2024-02-20,$167.08,41980330,$167.83,$168.71,$165.74
2024-02-21,$168.59,44575620,$168.94,$170.23,$167.14
2024-02-22,$174.58,55392350,$173.10,$174.80,$171.77
2024-02-23,$174.99,59715240,$174.28,$175.75,$173.70
2024-02-26,$174.73,44368610,$175.70,$176.37,$174.26
2024-02-27,$173.54,31141730,$174.075,$174.62,$172.86
2024-02-28,$173.16,28180480,$172.44,$174.05,$172.27
2024-02-29,$176.76,53805360,$173.01,$177.22,$172.85
2024-03-01,$178.22,31981150,$176.75,$178.725,$176.07
2024-03-04,$177.58,37381520,$177.53,$180.14,$177.49
2024-03-05,$174.12,37228340,$176.93,$176.93,$173.303
2024-03-06,$173.51,32090930,$175.54,$176.46,$173.26
2024-03-07,$176.82,34063280,$174.83,$177.99,$173.72
2024-03-08,$175.35,37893240,$176.44,$178.785,$174.33
2024-03-11,$171.96,28484780,$174.31,$174.47,$171.47
2024-03-12,$175.39,36610600,$173.50,$176.76,$171.98
2024-03-13,$176.555,30772600,$175.90,$177.62,$175.55
2024-03-14,$178.75,43705840,$177.69,$179.53,$176.465
2024-03-15,$174.42,72147390,$176.64,$177.93,$173.90
2024-03-18,$174.48,31250690,$175.80,$176.69,$174.28
2024-03-19,$175.90,26880890,$174.215,$176.09,$173.52
2024-03-20,$178.15,29947150,$176.14,$178.53,$174.64
2024-03-21,$178.15,32824320,$179.988,$181.415,$178.15
2024-03-22,$178.87,27995380,$177.752,$179.255,$176.75
2024-03-25,$179.71,29815460,$178.01,$180.99,$177.24
2024-03-26,$178.30,29658980,$180.15,$180.45,$177.95
2024-03-27,$179.83,33272550,$179.88,$180.00,$177.3099
2024-03-28,$180.38,38051590,$180.17,$181.70,$179.26
2024-04-01,$180.97,29174520,$180.79,$183.00,$179.95
2024-04-02,$180.69,32611550,$179.07,$180.79,$178.3762
2024-04-03,$182.41,31046640,$179.90,$182.87,$179.80
2024-04-04,$180.00,41624260,$184.00,$185.10,$180.00
2024-04-05,$185.07,42373990,$182.38,$186.27,$181.97
2024-04-08,$185.19,39221280,$186.90,$187.29,$184.81
2024-04-09,$185.67,36546950,$187.24,$187.34,$184.20
2024-04-10,$185.95,35879150,$182.765,$186.2699,$182.67
2024-04-11,$189.05,40020740,$186.74,$189.77,$185.51
2024-04-12,$186.13,38608850,$187.72,$188.38,$185.08
2024-04-15,$183.62,48052400,$187.425,$188.69,$183.00
2024-04-16,$183.32,32891270,$183.27,$184.83,$182.26
2024-04-17,$181.28,31359670,$184.31,$184.57,$179.82
2024-04-18,$179.22,30723790,$181.47,$182.39,$178.65
2024-04-19,$174.63,56000730,$178.74,$179.00,$173.44
2024-04-22,$177.23,37924890,$176.94,$178.87,$174.56
2024-04-23,$179.54,37046520,$178.08,$179.93,$175.975
2024-04-24,$176.59,34185110,$179.94,$180.323,$176.18
2024-04-25,$173.67,49249390,$169.68,$173.92,$166.32
2024-04-26,$179.62,43919770,$177.795,$180.82,$176.13
2024-04-29,$180.96,54063940,$182.75,$183.53,$179.39
2024-04-30,$175.00,94639790,$181.09,$182.99,$174.80
2024-05-01,$179.00,94645150,$181.635,$185.15,$176.56
2024-05-02,$184.72,54303510,$180.85,$185.10,$179.91
2024-05-03,$186.21,39172000,$186.99,$187.87,$185.42
2024-05-06,$188.70,34725300,$186.28,$188.745,$184.80
2024-05-07,$188.76,34048900,$188.92,$189.94,$187.305
2024-05-08,$188.00,26136350,$187.44,$188.43,$186.385
2024-05-09,$189.50,43368380,$188.88,$191.70,$187.44
2024-05-10,$187.48,34141770,$189.16,$189.892,$186.93
2024-05-13,$186.57,24898610,$188.00,$188.31,$185.36
2024-05-14,$187.07,38698160,$183.82,$187.72,$183.45
2024-05-15,$185.99,75459930,$185.97,$186.7193,$182.73
2024-05-16,$183.63,38834450,$185.60,$187.31,$183.46
2024-05-17,$184.70,33175660,$183.76,$185.30,$183.35
2024-05-20,$183.54,30511770,$184.34,$186.665,$183.28
2024-05-21,$183.15,50839130,$182.30,$183.26,$180.75
2024-05-22,$183.13,28148780,$183.88,$185.22,$181.9715
2024-05-23,$181.05,33670170,$183.66,$184.76,$180.08
2024-05-24,$180.75,27471640,$181.65,$182.435,$180.30
2024-05-28,$182.15,29926960,$179.93,$182.24,$179.49
2024-05-29,$182.02,32009290,$181.70,$184.08,$181.55
2024-05-30,$179.32,29249230,$181.31,$181.34,$178.355
2024-05-31,$176.44,58903940,$178.30,$179.21,$173.87
2024-06-03,$178.34,30786640,$177.70,$178.70,$175.92
2024-06-04,$179.34,27198390,$177.64,$179.82,$176.44
2024-06-05,$181.28,32116390,$180.10,$181.50,$178.75
2024-06-06,$185.00,31371150,$181.745,$185.00,$181.49
2024-06-07,$184.30,28021470,$184.90,$186.2888,$183.36
2024-06-10,$187.06,34494500,$184.07,$187.23,$183.79
2024-06-11,$187.23,27265110,$187.06,$187.77,$184.5373
2024-06-12,$186.89,33984220,$188.015,$188.35,$185.43
2024-06-13,$183.83,39721550,$186.09,$187.67,$182.666
2024-06-14,$183.66,25456410,$183.08,$183.72,$182.23
2024-06-17,$184.06,35601910,$182.52,$185.00,$181.22
2024-06-18,$182.81,36659160,$183.735,$184.29,$181.43
2024-06-20,$186.10,44726780,$182.91,$186.51,$182.72
2024-06-21,$189.08,72931750,$187.80,$189.275,$185.86
2024-06-24,$185.57,50610380,$189.33,$191.00,$185.33
2024-06-25,$186.34,45898480,$186.81,$188.84,$185.42
2024-06-26,$193.61,65103890,$186.92,$194.80,$186.26
2024-06-27,$197.85,74397490,$195.005,$199.84,$194.20
2024-06-28,$193.25,76930190,$197.73,$198.85,$192.50
2024-07-01,$197.20,41192010,$193.49,$198.2957,$192.82
2024-07-02,$200.00,45600010,$197.28,$200.43,$195.93
2024-07-03,$197.59,31597930,$199.94,$200.029,$196.7601
2024-07-05,$200.00,39858890,$198.65,$200.55,$198.17
2024-07-08,$199.29,34767260,$200.04,$201.20,$197.96
2024-07-09,$199.34,32756740,$199.40,$200.57,$199.045
2024-07-10,$199.79,32883750,$199.995,$200.11,$197.69
2024-07-11,$195.05,44565040,$200.09,$200.2699,$192.86
2024-07-12,$194.49,30598530,$194.80,$196.47,$193.8301
2024-07-15,$192.72,40683230,$194.56,$196.19,$190.83
2024-07-16,$193.02,33994710,$195.59,$196.62,$192.24
2024-07-17,$187.93,48076140,$191.35,$191.58,$185.99
2024-07-18,$183.75,51043630,$189.59,$189.68,$181.448
2024-07-19,$183.13,43081830,$181.14,$184.93,$180.11
2024-07-22,$182.55,39931920,$185.00,$185.06,$182.48
2024-07-23,$186.41,47537670,$184.10,$189.39,$183.56
2024-07-24,$180.83,41532360,$183.20,$185.45,$180.41
2024-07-25,$179.85,44464160,$182.91,$183.8958,$176.80
2024-07-26,$182.50,29505960,$180.39,$183.19,$180.24
2024-07-29,$183.20,33270120,$183.84,$184.75,$182.38
2024-07-30,$181.71,39508570,$184.72,$185.86,$179.38
2024-07-31,$186.98,41667330,$185.05,$187.94,$184.46
2024-08-01,$184.07,70435640,$189.285,$190.60,$181.87
2024-08-02,$167.90,141448400,$166.75,$168.77,$160.55
2024-08-05,$161.02,83149440,$154.21,$162.96,$151.61
2024-08-06,$161.93,59950830,$161.71,$165.08,$158.5404
2024-08-07,$162.77,48408240,$166.55,$167.58,$161.43
2024-08-08,$165.80,44616210,$165.165,$166.6899,$162.55
2024-08-09,$166.94,36401050,$166.40,$168.55,$165.85
2024-08-12,$166.80,30072790,$168.14,$168.55,$166.1101
2024-08-13,$170.23,39237920,$167.81,$171.04,$167.10
2024-08-14,$170.10,28843800,$172.11,$172.28,$168.86
2024-08-15,$177.59,51698510,$174.86,$177.91,$173.99
2024-08-16,$177.06,31489180,$177.04,$178.34,$176.2601
2024-08-19,$178.22,31129810,$177.64,$178.30,$176.16
2024-08-20,$178.88,26255200,$177.92,$179.01,$177.4308
2024-08-21,$180.11,35599120,$179.92,$182.385,$178.8937
2024-08-22,$176.13,32047480,$181.38,$181.47,$175.68
2024-08-23,$177.04,29150090,$177.34,$178.9699,$175.24
2024-08-26,$175.50,22366240,$176.70,$177.4682,$174.30
2024-08-27,$173.12,29841980,$174.15,$174.89,$172.25
2024-08-28,$170.80,29045030,$173.69,$173.69,$168.92
2024-08-29,$172.12,26407820,$173.22,$174.29,$170.81
2024-08-30,$178.50,43429360,$172.78,$178.90,$172.60
2024-09-03,$176.25,37817510,$177.55,$178.26,$175.26
2024-09-04,$173.33,30309230,$174.48,$175.98,$172.54
2024-09-05,$177.89,40170530,$175.00,$179.875,$174.995
2024-09-06,$171.39,41466540,$177.24,$178.38,$171.16
2024-09-09,$175.40,29037360,$174.53,$175.85,$173.51
2024-09-10,$179.55,36233800,$177.49,$180.50,$176.79
2024-09-11,$184.52,42564700,$180.095,$184.99,$175.73
2024-09-12,$187.00,33622480,$184.80,$187.41,$183.54
2024-09-13,$186.49,26495350,$187.00,$188.50,$185.91
2024-09-16,$184.89,26065490,$185.29,$185.81,$183.36
2024-09-17,$186.88,26091680,$186.85,$189.45,$186.14
2024-09-18,$186.43,34448130,$186.45,$188.80,$185.06
2024-09-19,$189.87,39543170,$190.04,$190.99,$188.47
2024-09-20,$191.60,100378600,$190.23,$191.84,$187.41
2024-09-23,$193.88,36993110,$191.64,$194.45,$190.57
2024-09-24,$193.96,43478930,$194.27,$195.37,$190.13
2024-09-25,$192.53,26391140,$193.75,$193.9498,$192.16
2024-09-26,$191.16,36334850,$194.31,$194.53,$189.54
2024-09-27,$187.97,36002320,$190.68,$190.90,$187.34
2024-09-30,$186.33,41680400,$187.14,$188.49,$184.65
2024-10-01,$185.13,36044910,$184.90,$186.19,$183.4519
2024-10-02,$184.76,23704060,$184.44,$186.60,$184.04
2024-10-03,$181.96,30204300,$183.045,$183.44,$180.875
2024-10-04,$186.51,41079010,$185.75,$187.60,$183.60
2024-10-07,$180.80,42364200,$182.95,$183.60,$180.25
2024-10-08,$182.72,26372090,$181.915,$183.09,$180.92
2024-10-09,$185.17,26343120,$182.82,$185.845,$182.05
2024-10-10,$186.65,27785040,$187.13,$188.134,$185.83
2024-10-11,$188.82,25751560,$186.63,$189.9284,$186.30
2024-10-14,$187.54,22614410,$189.78,$189.83,$187.36
2024-10-15,$187.69,32178930,$187.63,$188.41,$184.58
2024-10-16,$186.89,23456810,$187.05,$187.78,$185.61
2024-10-17,$187.53,25039410,$188.22,$188.94,$186.00
2024-10-18,$188.99,37417670,$187.15,$190.74,$186.28
2024-10-21,$189.07,24639390,$188.05,$189.46,$186.40
2024-10-22,$189.70,29650590,$188.35,$191.5201,$186.975
2024-10-23,$184.71,31937090,$188.85,$189.16,$183.69
2024-10-24,$186.38,21647400,$185.25,$187.11,$183.86
2024-10-25,$187.83,29362060,$187.85,$190.45,$187.53
2024-10-28,$188.39,27930840,$189.565,$190.21,$188.21
2024-10-29,$190.83,35690160,$188.58,$191.4599,$187.815
2024-10-30,$192.73,37707550,$194.695,$195.61,$192.42
2024-10-31,$186.40,75146760,$190.51,$190.60,$185.23
2024-11-01,$197.93,99687850,$199.00,$200.50,$197.02
2024-11-04,$195.78,38492060,$196.45,$197.33,$194.3101
2024-11-05,$199.50,30564780,$196.04,$199.82,$195.99
2024-11-06,$207.09,72292170,$200.01,$207.55,$199.14
2024-11-07,$210.05,52878380,$207.44,$212.25,$207.19
2024-11-08,$208.18,36075850,$209.72,$209.9633,$207.44
2024-11-11,$206.84,35456010,$208.50,$209.65,$205.59
2024-11-12,$208.91,38942920,$208.37,$209.54,$206.01
2024-11-13,$214.10,46212940,$209.40,$215.09,$209.14
2024-11-14,$211.48,42620310,$214.16,$215.90,$210.88
2024-11-15,$202.61,86591140,$206.76,$207.34,$199.61
2024-11-18,$201.70,36512470,$204.15,$204.67,$200.95
2024-11-19,$204.61,31197870,$199.33,$205.30,$198.78
2024-11-20,$202.88,32768990,$202.98,$203.13,$199.45
2024-11-21,$198.38,58800040,$203.49,$203.49,$195.75
2024-11-22,$197.12,31530840,$198.25,$199.2599,$196.75
2024-11-25,$201.45,40685670,$199.28,$201.9499,$199.00
2024-11-26,$207.86,41673740,$201.90,$208.00,$201.79
2024-11-27,$205.74,28061640,$206.98,$207.64,$205.05
2024-11-29,$207.89,24892450,$205.83,$208.20,$204.59
2024-12-02,$210.71,39523190,$209.96,$212.99,$209.5101
2024-12-03,$213.44,32214830,$210.31,$214.02,$209.65
2024-12-04,$218.16,48745720,$215.96,$220.00,$215.75
2024-12-05,$220.55,41140220,$218.03,$222.15,$217.30
2024-12-06,$227.03,44178070,$220.75,$227.15,$220.60
2024-12-09,$226.09,46819360,$227.21,$230.08,$225.67
2024-12-10,$225.04,31199860,$226.09,$229.06,$224.2002
2024-12-11,$230.26,35385790,$226.41,$231.20,$226.26
2024-12-12,$228.97,28204080,$229.83,$231.09,$227.63
2024-12-13,$227.46,28768080,$228.40,$230.20,$225.8608
2024-12-16,$232.93,37552100,$230.23,$233.00,$228.01
2024-12-17,$231.15,35948130,$232.39,$232.73,$227.85
2024-12-18,$220.52,43281440,$230.77,$231.3999,$220.11
2024-12-19,$223.29,39918740,$224.91,$226.09,$222.92
2024-12-20,$224.92,88279180,$219.84,$226.21,$218.73
2024-12-23,$225.06,28070010,$225.01,$226.88,$223.90
2024-12-24,$229.05,15007500,$226.94,$229.14,$226.13
2024-12-26,$227.05,16174500,$228.50,$228.50,$226.6706
2024-12-27,$223.75,27367150,$225.60,$226.03,$220.90
2024-12-30,$221.30,28321240,$220.06,$222.9972,$218.43
2024-12-31,$219.39,24819660,$222.965,$223.2299,$218.94
2025-01-02,$220.22,33956580,$222.03,$225.15,$218.19
2025-01-03,$224.19,27515610,$222.505,$225.36,$221.62
2025-01-06,$227.61,31849830,$226.78,$228.835,$224.84
2025-01-07,$222.11,28084160,$227.90,$228.381,$221.46
2025-01-08,$222.13,25033290,$223.185,$223.52,$220.20
2025-01-10,$218.94,36811530,$221.46,$221.71,$216.50
2025-01-13,$218.46,27262660,$218.06,$219.40,$216.47
2025-01-14,$217.76,24711650,$220.44,$221.82,$216.20
2025-01-15,$223.35,31291260,$222.83,$223.57,$220.75
2025-01-16,$220.66,24757280,$224.42,$224.65,$220.31
2025-01-17,$225.94,42370120,$225.84,$226.51,$223.08
2025-01-21,$230.71,39951460,$228.90,$231.78,$226.94
2025-01-22,$235.01,41448220,$232.02,$235.44,$231.19
2025-01-23,$235.42,26404360,$234.10,$235.52,$231.51
2025-01-24,$234.85,25890740,$234.50,$236.40,$232.93
2025-01-27,$235.42,49428330,$226.21,$235.61,$225.86
2025-01-28,$238.15,41587190,$234.29,$241.77,$233.98
2025-01-29,$237.07,26091720,$239.015,$240.39,$236.15
2025-01-30,$234.64,32020730,$237.14,$237.95,$232.22
2025-01-31,$237.68,36162380,$236.50,$240.29,$236.41
2025-02-03,$237.42,37285870,$234.06,$239.25,$232.90
2025-02-04,$242.06,29713810,$239.01,$242.52,$238.03
2025-02-05,$236.17,38832040,$237.02,$238.32,$235.20
2025-02-06,$238.83,60897100,$238.01,$239.6599,$236.01
2025-02-07,$229.15,77539280,$232.50,$234.81,$228.06
2025-02-10,$233.14,35419930,$230.545,$233.92,$229.20
2025-02-11,$232.76,23713730,$231.92,$233.44,$230.13
2025-02-12,$228.93,32285250,$230.46,$231.18,$228.16
2025-02-13,$230.37,31346510,$228.85,$230.42,$227.52
2025-02-14,$228.68,27031080,$229.20,$229.89,$227.23
2025-02-18,$226.65,42975130,$228.82,$229.30,$223.72
2025-02-19,$226.63,28566710,$225.52,$226.83,$223.71
2025-02-20,$222.88,30001670,$224.775,$225.13,$221.81
2025-02-21,$216.58,55323850,$223.28,$223.31,$214.74
2025-02-24,$212.71,42387590,$217.45,$217.715,$212.42
2025-02-25,$212.80,58957980,$211.63,$213.34,$204.16
2025-02-26,$214.35,39120600,$214.94,$218.16,$213.09
2025-02-27,$208.74,40548570,$218.35,$219.97,$208.37
2025-02-28,$212.28,51771740,$208.65,$212.62,$206.99
2025-03-03,$205.02,42948450,$213.352,$214.01,$202.55
2025-03-04,$203.80,60853080,$200.11,$206.80,$197.432
2025-03-05,$208.36,38610090,$204.80,$209.98,$203.26
2025-03-06,$200.70,49863760,$204.40,$205.77,$198.3015
2025-03-07,$199.25,59802820,$199.49,$202.2653,$192.53
2025-03-10,$194.54,62350930,$195.60,$196.73,$190.85
2025-03-11,$196.59,54002880,$193.90,$200.18,$193.40
2025-03-12,$198.89,43679280,$200.72,$201.52,$195.29
2025-03-13,$193.89,41270760,$198.165,$198.8799,$191.82
2025-03-14,$197.95,38096660,$197.41,$198.65,$195.32
2025-03-17,$195.74,47341750,$198.77,$199.00,$194.3247
2025-03-18,$192.82,40414870,$192.52,$194.00,$189.38
2025-03-19,$195.54,39442880,$193.38,$195.965,$191.96
2025-03-20,$194.95,38921110,$193.07,$199.32,$192.30
2025-03-21,$196.21,60056920,$192.90,$196.99,$192.52
2025-03-24,$203.26,41625370,$200.00,$203.64,$199.95
2025-03-25,$205.71,31171160,$203.595,$206.21,$203.22
2025-03-26,$201.13,32990970,$205.835,$206.01,$199.925
2025-03-27,$201.36,27317660,$200.89,$203.79,$199.2821
2025-03-28,$192.72,52548230,$198.42,$199.26,$191.881
2025-03-31,$190.26,63547560,$188.19,$191.33,$184.40
2025-04-01,$192.17,41267320,$187.86,$193.93,$187.20
2025-04-02,$196.01,53679200,$187.66,$198.34,$187.66
2025-04-03,$178.41,95553620,$182.995,$184.13,$176.92
2025-04-04,$171.00,123159400,$167.145,$178.1436,$166.00
2025-04-07,$175.26,109327100,$162.00,$183.4099,$161.38
2025-04-08,$170.66,87710360,$185.23,$185.90,$168.57
2025-04-09,$191.10,116804300,$172.115,$192.65,$169.93
2025-04-10,$181.22,68302050,$185.44,$186.8692,$175.8518
2025-04-11,$184.87,50594340,$179.93,$185.86,$178.00
2025-04-14,$182.12,48002540,$186.84,$187.44,$179.23
2025-04-15,$179.59,43641950,$181.41,$182.35,$177.9331
2025-04-16,$174.33,51875320,$176.29,$179.1046,$171.41
2025-04-17,$172.61,44726450,$176.00,$176.21,$172.00
2025-04-21,$167.32,48126110,$169.60,$169.60,$165.285
2025-04-22,$173.18,56607200,$169.845,$176.78,$169.35
2025-04-23,$180.60,63470150,$183.45,$187.38,$180.19
2025-04-24,$186.54,43763200,$180.915,$186.74,$180.18
2025-04-25,$188.99,36414330,$187.62,$189.94,$185.49
2025-04-28,$187.70,33224730,$190.105,$190.22,$184.885
2025-04-29,$187.39,41667260,$183.99,$188.0158,$183.68
2025-04-30,$184.42,55176540,$182.17,$185.05,$178.85
2025-05-01,$190.20,74265960,$190.63,$191.8071,$187.50
2025-05-02,$189.98,77903490,$191.435,$192.88,$186.40
2025-05-05,$186.35,35217470,$186.51,$188.18,$185.53
2025-05-06,$185.01,29314060,$184.57,$187.93,$183.85
2025-05-07,$188.71,44002930,$185.56,$190.99,$185.01
2025-05-08,$192.08,41043620,$191.43,$194.33,$188.82
2025-05-09,$193.06,29663140,$193.375,$194.69,$191.16
2025-05-12,$208.64,75205040,$210.71,$211.66,$205.75
2025-05-13,$211.37,56193680,$211.08,$214.84,$210.10
2025-05-14,$210.25,38492130,$211.45,$211.93,$208.85
2025-05-15,$205.17,64347320,$206.45,$206.88,$202.673
2025-05-16,$205.59,43318480,$206.85,$206.85,$204.374
2025-05-19,$206.16,34314810,$201.645,$206.62,$201.26
2025-05-20,$204.07,29470370,$204.628,$205.5899,$202.65
2025-05-21,$201.12,42460920,$201.61,$203.455,$200.06
2025-05-22,$203.10,38938880,$201.38,$205.76,$200.16
2025-05-23,$200.99,33393550,$198.90,$202.37,$197.85
2025-05-27,$206.02,34892040,$203.085,$206.69,$202.19
2025-05-28,$204.72,28549750,$205.915,$207.66,$204.41
2025-05-29,$205.70,34700010,$208.025,$208.81,$204.23
2025-05-30,$205.01,51679410,$204.84,$205.99,$201.695
2025-06-02,$206.65,29113320,$204.98,$207.00,$202.68
2025-06-03,$205.71,33139120,$207.105,$208.9469,$205.03
2025-06-04,$207.23,29915590,$206.55,$208.18,$205.18
2025-06-05,$207.91,51979240,$209.55,$212.81,$207.56
2025-06-06,$213.57,39832500,$212.40,$213.8699,$210.50
2025-06-09,$216.98,38102500,$214.75,$217.85,$212.88
2025-06-10,$217.61,31303320,$216.78,$217.69,$214.15
2025-06-11,$213.20,39325980,$217.41,$218.40,$212.89
2025-06-12,$213.24,27639990,$211.78,$213.58,$211.33
2025-06-13,$212.10,29337760,$209.96,$214.05,$209.62
2025-06-16,$216.10,33284160,$212.31,$217.06,$211.60
2025-06-17,$214.82,32086260,$215.195,$217.41,$214.56
2025-06-18,$212.52,44360510,$215.09,$217.96,$212.34
2025-06-20,$209.69,75350730,$214.68,$214.89,$208.2709
2025-06-23,$208.47,37311730,$209.79,$210.39,$207.3101
2025-06-24,$212.77,38378760,$212.135,$214.34,$211.045
2025-06-25,$211.99,31755700,$214.615,$216.03,$211.11
2025-06-26,$217.12,50480810,$213.12,$218.035,$212.01
2025-06-27,$223.30,119217100,$219.92,$223.30,$216.74
2025-06-30,$219.39,58887780,$223.52,$223.82,$219.12
2025-07-01,$220.46,39256830,$219.50,$221.875,$217.93
2025-07-02,$219.92,30894180,$219.73,$221.60,$219.06
2025-07-03,$223.41,29632350,$221.82,$224.01,$221.36
2025-07-07,$223.47,36604140,$223.00,$224.29,$222.37
2025-07-08,$219.36,45691990,$223.915,$224.00,$218.43
2025-07-09,$222.54,38155120,$221.07,$224.29,$220.47
2025-07-10,$222.26,30370590,$221.55,$222.79,$219.70
2025-07-11,$225.02,50518310,$223.58,$226.6799,$222.37
2025-07-14,$225.69,35702600,$225.07,$226.66,$224.24
2025-07-15,$226.35,34907290,$226.20,$227.27,$225.455
2025-07-16,$223.19,39535930,$225.875,$226.10,$222.18
2025-07-17,$223.88,31855830,$223.32,$224.50,$222.51
2025-07-18,$226.13,37833810,$225.14,$226.40,$222.98
2025-07-21,$229.30,40297560,$225.835,$229.69,$225.65
2025-07-22,$227.47,37483700,$229.68,$230.00,$226.35
2025-07-23,$228.29,28294850,$228.47,$228.79,$227.09
2025-07-24,$232.23,42902270,$229.17,$236.00,$228.64
2025-07-25,$231.44,28712100,$232.22,$232.48,$231.18
2025-07-28,$232.79,26300140,$233.35,$234.29,$232.25
2025-07-29,$231.01,33716220,$234.15,$234.72,$230.31
2025-07-30,$230.19,32993270,$231.64,$231.80,$229.29
2025-07-31,$234.11,104357300,$235.77,$236.53,$231.40
2025-08-01,$214.75,122258800,$217.21,$220.4399,$212.80
2025-08-04,$211.65,77890150,$217.40,$217.44,$211.42
2025-08-05,$213.75,51505120,$213.05,$216.30,$212.87
2025-08-06,$222.31,54823050,$214.695,$222.65,$213.7409
2025-08-07,$223.13,40603510,$221.00,$226.22,$220.82
2025-08-08,$222.69,32970480,$223.14,$223.80,$221.8836
2025-08-11,$221.30,31646220,$221.78,$223.05,$220.40
2025-08-12,$221.47,37254710,$222.23,$223.50,$219.05
2025-08-13,$224.56,36508340,$222.00,$224.9185,$222.00
2025-08-14,$230.98,61545820,$227.40,$233.11,$227.02
2025-08-15,$231.03,39649240,$232.58,$234.08,$229.807
2025-08-18,$231.49,25248890,$230.225,$231.91,$228.33
2025-08-19,$228.01,29891010,$230.09,$230.5283,$227.12
2025-08-20,$223.81,36604320,$227.12,$227.27,$220.915
2025-08-21,$221.95,32140460,$222.65,$222.78,$220.50
2025-08-22,$228.84,37315340,$222.79,$229.14,$220.82
2025-08-25,$227.94,22633700,$227.35,$229.60,$227.31
2025-08-26,$228.71,26105370,$227.11,$229.00,$226.02
2025-08-27,$229.12,21254480,$228.57,$229.87,$227.81
2025-08-28,$231.60,33679590,$229.005,$232.71,$228.02
2025-08-29,$229.00,26199170,$231.32,$231.8125,$228.16
2025-09-02,$225.34,38843880,$223.52,$226.17,$221.83
2025-09-03,$225.99,29223130,$225.21,$227.1699,$224.36
2025-09-04,$235.68,59391780,$231.185,$235.77,$230.78
2025-09-05,$232.33,36721800,$235.19,$236.00,$231.93
2025-09-08,$235.84,33947100,$234.94,$237.60,$233.75
2025-09-09,$238.24,27033780,$236.355,$238.85,$235.08
2025-09-10,$230.33,60907710,$237.515,$237.68,$229.0962
2025-09-11,$229.95,37485600,$231.49,$231.53,$229.3377
2025-09-12,$228.15,38496220,$230.35,$230.79,$226.29
2025-09-15,$231.43,33243330,$230.625,$233.73,$230.32
2025-09-16,$234.05,38203910,$232.935,$235.90,$232.23
2025-09-17,$231.62,42815230,$233.77,$234.30,$228.71
2025-09-18,$231.23,37931740,$232.50,$233.48,$228.79
2025-09-19,$231.48,97943170,$232.37,$234.16,$229.70
2025-09-22,$227.63,45914510,$230.56,$230.565,$227.51
2025-09-23,$220.71,70956190,$227.83,$227.86,$220.07
2025-09-24,$220.21,49509030,$224.15,$224.56,$219.45
2025-09-25,$218.15,52226330,$220.06,$220.67,$216.47
2025-09-26,$219.78,41650100,$219.08,$221.05,$218.02
2025-09-29,$222.17,44259180,$220.08,$222.60,$219.30
2025-09-30,$219.57,48396370,$222.03,$222.24,$217.89
2025-10-01,$220.63,43933830,$217.36,$222.15,$216.61
2025-10-02,$222.41,41258590,$221.01,$222.81,$218.945
2025-10-03,$219.51,43639030,$223.44,$224.20,$219.34
2025-10-06,$220.90,43690880,$221.00,$221.73,$216.03
2025-10-07,$221.78,31194680,$220.88,$222.89,$220.17
2025-10-08,$225.22,46685990,$222.92,$226.73,$221.19
2025-10-09,$227.74,46412120,$224.995,$228.21,$221.75
2025-10-10,$216.37,72367510,$226.21,$228.25,$216.00
2025-10-13,$220.07,37809650,$217.70,$220.68,$217.04
2025-10-14,$216.39,45665580,$215.555,$219.32,$212.60
2025-10-15,$215.57,45909470,$216.62,$217.71,$212.66
2025-10-16,$214.47,42414590,$215.67,$218.59,$212.8101
2025-10-17,$213.04,45986940,$214.56,$214.80,$211.03
2025-10-20,$216.48,38882820,$213.88,$216.69,$213.59
2025-10-21,$222.03,50494570,$218.43,$223.32,$217.99
2025-10-22,$217.95,44308540,$219.30,$220.005,$216.52
2025-10-23,$221.09,31540000,$219.00,$221.30,$218.18
2025-10-24,$224.21,38685050,$221.97,$225.40,$221.90
2025-10-27,$226.97,38267000,$227.66,$228.40,$225.54
2025-10-28,$229.25,47100030,$228.215,$231.485,$226.21
2025-10-29,$230.30,52036150,$231.672,$232.82,$227.76
2025-10-30,$222.86,102252900,$227.06,$228.44,$222.75
2025-10-31,$244.22,166340800,$250.10,$250.50,$243.98
2025-11-03,$254.00,95997820,$255.36,$258.60,$252.90
2025-11-04,$249.32,51546310,$250.38,$257.01,$248.66
2025-11-05,$250.20,40610700,$249.03,$251.00,$246.16
2025-11-06,$243.04,46004200,$249.155,$250.38,$242.17
2025-11-07,$244.41,46374290,$242.90,$244.90,$238.49
2025-11-10,$248.40,36476510,$248.34,$251.75,$245.59
2025-11-11,$249.10,23564060,$248.41,$249.7499,$247.23
2025-11-12,$244.20,31190060,$250.235,$250.37,$243.75
2025-11-13,$237.58,41401740,$243.05,$243.75,$236.50
2025-11-14,$234.69,38956670,$235.06,$238.73,$232.89
